,1000001,1000002,1000003,1000005,1000006,1000007,1000010,1000011,1000014,1000015,1000016,1000019,1000027,1000029,1000030,1000031,1000037,1000038,1000039,1000040,1000041,1000047,1000055,1000056,1000057,1000060,1000061,1000062,1000091,1000092,1000093,1000095,1000098,1000101,1000103,1000105,1000108,1000125,1000127,1000132,1000136,1000137,1000143,1000157,1000159,1000175,1000176,1000178,1000179,1000180,1000181,1000182,1000183,1000184,1000185,1000186,1000187,1000190,1000191,1000193,1000194,1000195,1000202,1000204,1000210,1000211,1000212,1000213,1000215,1000216,1000219,1000220,1000221,1000222,1000231,1000232,1000233,1000236,1000237,1000239,1000240,1000241,1000242,1000244,1000246
,153,126,150,144,43,151,139,144,76,130,152,133,147,144,141,147,144,144,143,135,138,145,153,99,153,137,107,139,134,104,123,153,132,152,138,132,63,6,93,138,149,147,153,153,125,137,131,135,112,113,137,137,137,153,137,137,137,118,26,132,101,106,1,1,152,153,147,153,141,151,145,5,2,5,132,135,144,106,39,112,105,87,91,53,14
05:30:00,5.16339869281045805:30:00,05:30:00,2.393333333333333505:30:00,05:30:00,05:30:00,0.761589403973509905:30:00,2.03597122302158305:30:00,3.347222222222222305:30:00,05:30:00,05:30:00,05:30:00,0.0300751879699248105:30:00,4.0884353741496605:30:00,2.42361111111111105:30:00,4.730496453900709505:30:00,78.9863945578231305:30:00,05:30:00,0.527777777777777805:30:00,05:30:00,05:30:00,05:30:00,05:30:00,05:30:00,05:30:00,0.67320261437908505:30:00,05:30:00,05:30:00,05:30:00,05:30:00,05:30:00,05:30:00,2.614379084967320305:30:00,05:30:00,5.40131578947368405:30:00,05:30:00,05:30:00,05:30:00,05:30:00,05:30:00,05:30:00,05:30:00,05:30:00,0.1372549019607843305:30:00,05:30:00,05:30:00,05:30:00,05:30:00,05:30:00,05:30:00,05:30:00,05:30:00,05:30:00,05:30:00,05:30:00,05:30:00,05:30:00,05:30:00,05:30:00,05:30:00,05:30:00,05:30:00,05:30:00,05:30:00,05:30:00,05:30:00,05:30:00,05:30:00,05:30:00,05:30:00,05:30:00,05:30:00,05:30:00,05:30:00,05:30:00,05:30:00,05:30:00,05:30:00,05:30:00,05:30:00,05:30:00,05:30:00,05:30:00,05:30:00,05:30:00,
06:00:00,32.8169934640522906:00:00,06:00:00,15.4606:00:00,06:00:00,06:00:00,3.99337748344370906:00:00,10.9784172661870506:00:00,18.41666666666666806:00:00,06:00:00,06:00:00,06:00:00,1.21804511278195506:00:00,25.21088435374149506:00:00,15.812506:00:00,26.41134751773049806:00:00,120.7959183673469406:00:00,06:00:00,2.895833333333333506:00:00,06:00:00,06:00:00,06:00:00,0.089655172413793106:00:00,06:00:00,06:00:00,10.48366013071895406:00:00,06:00:00,06:00:00,06:00:00,06:00:00,06:00:00,06:00:00,6.63398692810457606:00:00,06:00:00,2.493421052631578806:00:00,06:00:00,06:00:00,06:00:00,06:00:00,06:00:00,06:00:00,06:00:00,06:00:00,1.437908496732026106:00:00,06:00:00,06:00:00,06:00:00,06:00:00,06:00:00,06:00:00,06:00:00,06:00:00,06:00:00,06:00:00,06:00:00,06:00:00,06:00:00,06:00:00,06:00:00,06:00:00,06:00:00,06:00:00,06:00:00,06:00:00,06:00:00,06:00:00,06:00:00,0.00680272108843537406:00:00,0.0522875816993464106:00:00,0.085106382978723406:00:00,06:00:00,0.262068965517241406:00:00,06:00:00,06:00:00,1.006:00:00,06:00:00,0.1481481481481481406:00:00,17.36805555555555706:00:00,06:00:00,06:00:00,06:00:00,06:00:00,06:00:00,06:00:00,06:00:00,
06:30:00,69.287581699346406:30:00,06:30:00,34.6733333333333306:30:00,06:30:00,0.02325581395348837206:30:00,6.15231788079470206:30:00,31.4748201438848906:30:00,44.5277777777777806:30:00,06:30:00,06:30:00,06:30:00,7.52631578947368406:30:00,47.90476190476190506:30:00,37.1597222222222206:30:00,57.4397163120567406:30:00,81.3401360544217606:30:00,1.486111111111111206:30:00,3.354166666666666506:30:00,06:30:00,06:30:00,06:30:00,5.39310344827586206:30:00,06:30:00,06:30:00,35.4183006535947706:30:00,06:30:00,06:30:00,06:30:00,06:30:00,06:30:00,0.01626016260162601806:30:00,16.1503267973856206:30:00,06:30:00,0.0592105263157894706:30:00,0.02898550724637681206:30:00,06:30:00,06:30:00,06:30:00,06:30:00,06:30:00,06:30:00,06:30:00,4.32679738562091506:30:00,06:30:00,06:30:00,06:30:00,06:30:00,06:30:00,06:30:00,06:30:00,06:30:00,06:30:00,06:30:00,06:30:00,06:30:00,06:30:00,06:30:00,06:30:00,06:30:00,06:30:00,06:30:00,06:30:00,06:30:00,06:30:00,06:30:00,0.00653594771241830106:30:00,06:30:00,06:30:00,0.0780141843971631206:30:00,06:30:00,1.041379310344827706:30:00,06:30:00,06:30:00,5.806:30:00,06:30:00,2.918518518518518506:30:00,126.4791666666666706:30:00,06:30:00,06:30:00,06:30:00,06:30:00,06:30:00,06:30:00,06:30:00,
07:00:00,204.1176470588235407:00:00,07:00:00,116.8807:00:00,07:00:00,07:00:00,18.45033112582781607:00:00,80.9640287769784207:00:00,140.4097222222222307:00:00,07:00:00,07:00:00,14.38815789473684207:00:00,64.3834586466165507:00:00,172.4965986394557807:00:00,123.3611111111111107:00:00,186.517730496453907:00:00,161.9659863945578307:00:00,9.21527777777777907:00:00,0.222222222222222207:00:00,07:00:00,07:00:00,07:00:00,36.24137931034482607:00:00,07:00:00,07:00:00,102.1437908496732107:00:00,07:00:00,07:00:00,07:00:00,07:00:00,07:00:00,0.01626016260162601807:00:00,43.7254901960784307:00:00,07:00:00,5.25657894736842107:00:00,0.543478260869565207:00:00,07:00:00,07:00:00,07:00:00,07:00:00,07:00:00,07:00:00,07:00:00,20.79738562091503307:00:00,07:00:00,07:00:00,07:00:00,2.76335877862595407:00:00,07:00:00,07:00:00,07:00:00,07:00:00,07:00:00,07:00:00,07:00:00,07:00:00,07:00:00,07:00:00,07:00:00,0.0769230769230769307:00:00,07:00:00,07:00:00,07:00:00,07:00:00,07:00:00,0.2039473684210526307:00:00,0.2287581699346405207:00:00,07:00:00,07:00:00,0.0212765957446808507:00:00,07:00:00,1.965517241379310307:00:00,07:00:00,07:00:00,0.207:00:00,07:00:00,15.05925925925925807:00:00,383.736111111111107:00:00,07:00:00,07:00:00,07:00:00,07:00:00,07:00:00,07:00:00,07:00:00,
07:30:00,252.2222222222222307:30:00,07:30:00,168.1407:30:00,07:30:00,0.02325581395348837207:30:00,33.7152317880794707:30:00,98.0935251798561207:30:00,195.5208333333333407:30:00,07:30:00,07:30:00,47.1315789473684207:30:00,107.7518796992481207:30:00,310.102040816326507:30:00,179.6041666666666607:30:00,256.914893617021307:30:00,274.564625850340107:30:00,27.0277777777777807:30:00,07:30:00,07:30:00,07:30:00,0.01449275362318840607:30:00,48.8827586206896607:30:00,0.00653594771241830107:30:00,07:30:00,206.0130718954248407:30:00,07:30:00,07:30:00,0.00719424460431654707:30:00,07:30:00,0.1923076923076923207:30:00,07:30:00,70.8758169934640607:30:00,0.0530303030303030307:30:00,3.72368421052631607:30:00,1.659420289855072507:30:00,07:30:00,07:30:00,07:30:00,07:30:00,07:30:00,0.00671140939597315407:30:00,0.489795918367346907:30:00,29.70588235294117807:30:00,07:30:00,07:30:00,0.007299270072992700507:30:00,7.74045801526717507:30:00,07:30:00,07:30:00,07:30:00,07:30:00,07:30:00,07:30:00,07:30:00,07:30:00,07:30:00,07:30:00,07:30:00,0.692307692307692307:30:00,07:30:00,07:30:00,07:30:00,07:30:00,07:30:00,0.1447368421052631607:30:00,1.209150326797385507:30:00,07:30:00,07:30:00,0.01418439716312056707:30:00,07:30:00,1.337931034482758607:30:00,07:30:00,07:30:00,0.207:30:00,07:30:00,17.9407407407407407:30:00,362.361111111111107:30:00,07:30:00,07:30:00,0.2410714285714285807:30:00,07:30:00,0.02298850574712643607:30:00,0.0659340659340659407:30:00,07:30:00,
08:00:00,111.0849673202614408:00:00,08:00:00,115.5866666666666708:00:00,08:00:00,08:00:00,9.09933774834437208:00:00,56.17266187050359608:00:00,80.62508:00:00,08:00:00,08:00:00,16.01315789473684208:00:00,33.8045112781954908:00:00,128.6938775510204208:00:00,121.8888888888888908:00:00,204.787234042553208:00:00,171.2176870748299408:00:00,20.0347222222222208:00:00,08:00:00,08:00:00,08:00:00,0.02898550724637681208:00:00,21.7655172413793108:00:00,08:00:00,08:00:00,296.6797385620915308:00:00,08:00:00,08:00:00,08:00:00,08:00:00,47.1538461538461508:00:00,0.00813008130081300908:00:00,92.0784313725490208:00:00,0.2651515151515151408:00:00,17.5065789473684208:00:00,2.21014492753623208:00:00,08:00:00,08:00:00,08:00:00,0.1290322580645161308:00:00,08:00:00,0.275167785234899308:00:00,2.25850340136054408:00:00,14.37254901960784408:00:00,08:00:00,08:00:00,0.01459854014598540108:00:00,2.793893129770992408:00:00,08:00:00,08:00:00,08:00:00,08:00:00,08:00:00,08:00:00,08:00:00,08:00:00,08:00:00,08:00:00,08:00:00,0.4615384615384615608:00:00,08:00:00,08:00:00,08:00:00,08:00:00,08:00:00,08:00:00,4.11764705882352908:00:00,08:00:00,08:00:00,0.007092198581560283508:00:00,08:00:00,0.558620689655172408:00:00,08:00:00,08:00:00,08:00:00,08:00:00,10.2296296296296308:00:00,379.895833333333308:00:00,08:00:00,08:00:00,0.928571428571428608:00:00,08:00:00,0.0459770114942528708:00:00,0.296703296703296708:00:00,08:00:00,
08:30:00,98.5032679738562108:30:00,08:30:00,130.7933333333333208:30:00,08:30:00,0.04651162790697674408:30:00,11.384105960264908:30:00,55.0791366906474808:30:00,92.9027777777777708:30:00,08:30:00,08:30:00,23.85526315789473608:30:00,38.79699248120300608:30:00,128.2789115646258408:30:00,136.1805555555555408:30:00,217.340425531914908:30:00,172.789115646258508:30:00,27.99305555555555708:30:00,08:30:00,0.0209790209790209808:30:00,08:30:00,0.00724637681159420308:30:00,28.45517241379310408:30:00,0.00653594771241830108:30:00,0.01010101010101010208:30:00,280.1633986928104608:30:00,08:30:00,08:30:00,0.01438848920863309408:30:00,08:30:00,08:30:00,0.0650406504065040708:30:00,88.4901960784313708:30:00,0.4242424242424242508:30:00,11.508:30:00,2.173913043478260808:30:00,0.00757575757575757608:30:00,08:30:00,08:30:00,0.795698924731182808:30:00,08:30:00,0.563758389261744908:30:00,4.63945578231292508:30:00,19.2679738562091508:30:00,08:30:00,08:30:00,0.01459854014598540108:30:00,3.992366412213740608:30:00,08:30:00,08:30:00,0.0265486725663716808:30:00,08:30:00,08:30:00,08:30:00,08:30:00,08:30:00,08:30:00,08:30:00,0.254237288135593208:30:00,0.4615384615384615608:30:00,0.02272727272727272808:30:00,08:30:00,08:30:00,08:30:00,08:30:00,08:30:00,6.0392156862745108:30:00,0.00680272108843537408:30:00,08:30:00,0.1631205673758865408:30:00,0.01986754966887417308:30:00,0.420689655172413808:30:00,08:30:00,08:30:00,08:30:00,08:30:00,5.34074074074074108:30:00,348.0347222222222308:30:00,0.00943396226415094308:30:00,08:30:00,1.303571428571428608:30:00,0.0285714285714285708:30:00,0.1034482758620689608:30:00,0.956043956043956108:30:00,0.1698113207547169708:30:00,
09:00:00,67.5751633986928109:00:00,09:00:00,114.9409:00:00,09:00:00,09:00:00,13.09933774834437209:00:00,54.00719424460431409:00:00,84.5416666666666709:00:00,09:00:00,0.03846153846153846409:00:00,29.65131578947368509:00:00,40.03759398496240609:00:00,89.768707482993209:00:00,115.9583333333333309:00:00,169.0070921985815709:00:00,154.9931972789115709:00:00,32.95138888888888609:00:00,0.00694444444444444409:00:00,0.00699300699300699309:00:00,0.01481481481481481509:00:00,0.01449275362318840609:00:00,34.17241379310344509:00:00,0.00653594771241830109:00:00,0.0404040404040404109:00:00,153.7908496732026209:00:00,0.05839416058394160409:00:00,09:00:00,09:00:00,09:00:00,0.769230769230769309:00:00,0.0731707317073170709:00:00,78.1764705882352909:00:00,0.681818181818181809:00:00,19.89473684210526409:00:00,1.847826086956521709:00:00,0.00757575757575757609:00:00,09:00:00,09:00:00,1.430107526881720509:00:00,09:00:00,0.69798657718120809:00:00,2.714285714285714409:00:00,19.98039215686274509:00:00,09:00:00,09:00:00,0.0875912408759124109:00:00,4.55725190839694709:00:00,0.01481481481481481509:00:00,09:00:00,0.00884955752212389409:00:00,09:00:00,09:00:00,09:00:00,09:00:00,09:00:00,09:00:00,09:00:00,0.186440677966101709:00:00,0.1923076923076923209:00:00,0.0530303030303030309:00:00,0.00990099009900990109:00:00,09:00:00,09:00:00,09:00:00,09:00:00,5.274509803921568509:00:00,09:00:00,09:00:00,0.85106382978723409:00:00,0.01986754966887417309:00:00,0.172413793103448309:00:00,09:00:00,09:00:00,09:00:00,0.01515151515151515209:00:00,1.659259259259259209:00:00,186.0694444444444609:00:00,09:00:00,09:00:00,1.535714285714285809:00:00,0.0857142857142857209:00:00,0.0804597701149425309:00:00,1.01098901098901109:00:00,0.943396226415094409:00:00,
09:30:00,37.24836601307189509:30:00,1.452380952380952309:30:00,85.209:30:00,0.215277777777777809:30:00,0.0697674418604651209:30:00,23.36423841059602709:30:00,49.40287769784172409:30:00,78.7083333333333309:30:00,09:30:00,1.409:30:00,57.72368421052631509:30:00,33.9398496240601509:30:00,51.115646258503409:30:00,90.5902777777777709:30:00,108.6879432624113509:30:00,155.6666666666666609:30:00,49.39583333333333609:30:00,0.263888888888888909:30:00,0.02797202797202797209:30:00,0.0518518518518518509:30:00,0.1231884057971014609:30:00,38.9793103448275909:30:00,0.045751633986928109:30:00,0.1010101010101010109:30:00,26.48366013071895309:30:00,0.0875912408759124109:30:00,09:30:00,0.0431654676258992809:30:00,09:30:00,1.115384615384615409:30:00,0.02439024390243902509:30:00,72.35947712418309:30:00,0.772727272727272709:30:00,17.09210526315789409:30:00,0.876811594202898609:30:00,0.69696969696969709:30:00,0.01587301587301587209:30:00,09:30:00,2.2150537634408609:30:00,09:30:00,0.395973154362416109:30:00,4.36054421768707509:30:00,10.66013071895424809:30:00,0.01307189542483660209:30:00,09:30:00,0.693430656934306609:30:00,9.24427480916030609:30:00,09:30:00,09:30:00,0.00884955752212389409:30:00,09:30:00,0.01459854014598540109:30:00,0.007299270072992700509:30:00,0.01307189542483660209:30:00,0.007299270072992700509:30:00,09:30:00,09:30:00,0.144067796610169509:30:00,0.307692307692307709:30:00,0.0757575757575757609:30:00,0.00990099009900990109:30:00,09:30:00,09:30:00,09:30:00,0.0592105263157894709:30:00,2.516339869281045709:30:00,0.0544217687074829909:30:00,0.01307189542483660209:30:00,2.638297872340425309:30:00,0.0860927152317880809:30:00,0.29655172413793109:30:00,09:30:00,09:30:00,09:30:00,0.530303030303030309:30:00,0.792592592592592609:30:00,48.0694444444444409:30:00,0.00943396226415094309:30:00,0.0256410256410256409:30:00,1.616071428571428609:30:00,0.0571428571428571409:30:00,0.344827586206896609:30:00,2.582417582417582609:30:00,1.811320754716981209:30:00,
10:00:00,15.37908496732026210:00:00,4.26190476190476210:00:00,23.26666666666666610:00:00,1.041666666666666710:00:00,10:00:00,6.03973509933774810:00:00,8.20143884892086410:00:00,10.83333333333333410:00:00,10:00:00,3.153846153846153710:00:00,19.35526315789473610:00:00,4.48120300751879710:00:00,14.7346938775510210:00:00,19.510:00:00,23.7517730496453910:00:00,65.2585034013605410:00:00,22.06944444444444310:00:00,3.145833333333333510:00:00,0.559440559440559510:00:00,1.222222222222222310:00:00,3.442028985507246610:00:00,17.7724137931034510:00:00,0.627450980392156910:00:00,2.222222222222222310:00:00,8.71241830065359410:00:00,1.14598540145985410:00:00,0.0654205607476635410:00:00,0.1798561151079136610:00:00,10:00:00,0.0769230769230769310:00:00,10:00:00,88.7320261437908510:00:00,0.583333333333333410:00:00,1.48026315789473710:00:00,0.57246376811594210:00:00,0.840909090909090910:00:00,0.0634920634920634910:00:00,10:00:00,1.97849462365591410:00:00,0.00724637681159420310:00:00,0.3557046979865771710:00:00,4.010:00:00,9.6535947712418310:00:00,0.071895424836601310:00:00,0.64810:00:00,0.562043795620437910:00:00,3.80152671755725210:00:00,0.0592592592592592610:00:00,10:00:00,0.00884955752212389410:00:00,0.138686131386861310:00:00,0.65693430656934310:00:00,0.14598540145985410:00:00,0.267973856209150310:00:00,0.2189781021897810310:00:00,0.1824817518248175210:00:00,0.846715328467153210:00:00,0.101694915254237310:00:00,0.1923076923076923210:00:00,0.04545454545454545610:00:00,10:00:00,10:00:00,10:00:00,10:00:00,0.4078947368421052510:00:00,1.202614379084967310:00:00,2.156462585034013610:00:00,3.228758169934640610:00:00,1.390070921985815610:00:00,0.761589403973509910:00:00,1.510344827586206810:00:00,0.610:00:00,10:00:00,10:00:00,4.93181818181818210:00:00,1.148148148148148110:00:00,23.2847222222222210:00:00,0.066037735849056610:00:00,0.0769230769230769310:00:00,1.008928571428571410:00:00,0.1047619047619047610:00:00,0.2873563218390804410:00:00,1.626373626373626410:00:00,1.67924528301886810:00:00,0.14285714285714285
10:30:00,39.3464052287581710:30:00,26.89682539682539510:30:00,22.8610:30:00,14.4236111111111110:30:00,0.04651162790697674410:30:00,12.90728476821192110:30:00,16.56834532374100610:30:00,17.562510:30:00,10:30:00,21.63076923076923210:30:00,19.010:30:00,43.4887218045112810:30:00,83.3605442176870810:30:00,23.187510:30:00,21.2198581560283710:30:00,63.75510204081632510:30:00,20.3611111111111110:30:00,53.9027777777777810:30:00,8.9300699300699310:30:00,31.72592592592592510:30:00,70.2826086956521710:30:00,17.48275862068965510:30:00,51.7581699346405210:30:00,12.92929292929292910:30:00,5.08496732026143810:30:00,13.91240875912408710:30:00,13.58878504672897210:30:00,17.78417266187050310:30:00,10:30:00,0.0865384615384615410:30:00,0.0406504065040650410:30:00,59.0849673202614410:30:00,0.659090909090909110:30:00,14.91447368421052610:30:00,8.21014492753623210:30:00,1.810606060606060610:30:00,2.730158730158730210:30:00,10:30:00,2.02150537634408610:30:00,0.1159420289855072510:30:00,0.523489932885906110:30:00,4.2653061224489810:30:00,7.535947712418300510:30:00,0.2156862745098039310:30:00,39.3610:30:00,0.423357664233576610:30:00,2.671755725190839510:30:00,37.38518518518518610:30:00,6.47321428571428610:30:00,0.03539823008849557510:30:00,5.64963503649635110:30:00,7.503649635036496510:30:00,2.10218978102189810:30:00,3.254901960784313710:30:00,4.167883211678832510:30:00,2.503649635036496510:30:00,13.29927007299270210:30:00,0.084745762711864410:30:00,0.03846153846153846410:30:00,0.02272727272727272810:30:00,0.029702970297029710:30:00,10:30:00,10:30:00,10:30:00,3.756578947368421210:30:00,4.18954248366013110:30:00,10.59183673469387810:30:00,23.43137254901960610:30:00,7.4964539007092210:30:00,8.86754966887417210:30:00,17.2068965517241410:30:00,1.610:30:00,10:30:00,10:30:00,51.2878787878787910:30:00,11.94814814814814810:30:00,88.6041666666666710:30:00,0.01886792452830188610:30:00,0.0769230769230769310:30:00,2.160714285714285610:30:00,0.0190476190476190510:30:00,0.2068965517241379310:30:00,1.8901098901098910:30:00,1.49056603773584910:30:00,3.0
11:00:00,134.1699346405228811:00:00,104.6111111111111111:00:00,59.6066666666666711:00:00,81.0486111111111111:00:00,0.0697674418604651211:00:00,36.6423841059602711:00:00,64.2877697841726711:00:00,62.4652777777777811:00:00,11:00:00,92.8538461538461511:00:00,47.67105263157894511:00:00,205.7293233082706611:00:00,330.455782312925211:00:00,73.9791666666666711:00:00,64.7659574468085111:00:00,150.4217687074829811:00:00,54.0555555555555611:00:00,327.083333333333311:00:00,50.7062937062937111:00:00,173.585185185185211:00:00,369.601449275362311:00:00,57.4689655172413811:00:00,232.9477124183006511:00:00,57.6363636363636311:00:00,16.60130718954248511:00:00,71.8613138686131411:00:00,161.4766355140186811:00:00,168.3093525179856211:00:00,11:00:00,0.134615384615384611:00:00,0.03252032520325203611:00:00,50.856209150326811:00:00,0.795454545454545411:00:00,1.460526315789473711:00:00,49.8188405797101511:00:00,22.0909090909090911:00:00,11.87301587301587311:00:00,0.511:00:00,0.98924731182795711:00:00,0.507246376811594211:00:00,1.966442953020134211:00:00,6.34693877551020411:00:00,16.35294117647058711:00:00,0.862745098039215711:00:00,217.04811:00:00,2.2700729927007311:00:00,4.96183206106870211:00:00,158.7407407407407311:00:00,46.96428571428571511:00:00,0.2035398230088495711:00:00,24.897810218978111:00:00,46.19708029197080611:00:00,12.22627737226277311:00:00,11.43137254901960811:00:00,33.1240875912408711:00:00,11.40875912408759211:00:00,65.7810218978102211:00:00,0.0762711864406779711:00:00,0.0769230769230769311:00:00,0.02272727272727272811:00:00,0.00990099009900990111:00:00,11:00:00,11:00:00,11:00:00,14.76973684210526411:00:00,15.93464052287581711:00:00,44.9115646258503411:00:00,57.8431372549019611:00:00,66.787234042553211:00:00,37.3576158940397311:00:00,79.2896551724137911:00:00,10.011:00:00,11:00:00,11:00:00,274.0757575757575611:00:00,54.21481481481481511:00:00,388.812511:00:00,0.0283018867924528311:00:00,0.0769230769230769311:00:00,11.02678571428571411:00:00,0.076190476190476211:00:00,0.379310344827586211:00:00,4.47252747252747311:00:00,2.075471698113207511:00:00,17.142857142857142
11:30:00,212.6535947712418411:30:00,139.7698412698412711:30:00,109.7466666666666711:30:00,133.3541666666666611:30:00,0.3255813953488372311:30:00,65.3311258278145711:30:00,121.0215827338129511:30:00,118.062511:30:00,11:30:00,140.176923076923111:30:00,101.2697368421052611:30:00,295.5639097744360711:30:00,363.829931972789111:30:00,113.8680555555555611:30:00,111.6666666666666711:30:00,197.884353741496611:30:00,95.8055555555555611:30:00,345.7569444444444611:30:00,85.0629370629370711:30:00,184.192592592592611:30:00,463.1739130434782511:30:00,115.4827586206896511:30:00,226.248366013071911:30:00,32.1515151515151511:30:00,19.6209150326797411:30:00,83.503649635036511:30:00,108.9626168224299111:30:00,177.1510791366906411:30:00,11:30:00,5.71153846153846211:30:00,0.0731707317073170711:30:00,52.535947712418311:30:00,1.113636363636363511:30:00,0.3947368421052631611:30:00,74.511:30:00,38.1590909090909111:30:00,11.63492063492063411:30:00,11:30:00,11:30:00,1.32608695652173911:30:00,2.86577181208053711:30:00,5.14285714285714311:30:00,25.01307189542483711:30:00,1.647058823529411711:30:00,211.0811:30:00,9.02189781021897711:30:00,13.71755725190839711:30:00,130.903703703703711:30:00,42.78571428571428511:30:00,0.761061946902654811:30:00,31.59854014598540311:30:00,50.0875912408759111:30:00,16.64233576642335811:30:00,14.16993464052287511:30:00,49.0364963503649611:30:00,12.54014598540145911:30:00,82.3138686131386811:30:00,0.2203389830508474511:30:00,0.538461538461538411:30:00,0.1060606060606060611:30:00,0.00990099009900990111:30:00,11:30:00,11:30:00,11:30:00,17.73026315789473611:30:00,18.06535947712418311:30:00,56.47619047619047411:30:00,58.62745098039215511:30:00,110.7588652482269511:30:00,41.6490066225165611:30:00,74.2827586206896511:30:00,3.211:30:00,0.511:30:00,11:30:00,486.3409090909090711:30:00,77.7629629629629611:30:00,558.395833333333411:30:00,0.0377358490566037711:30:00,0.128205128205128211:30:00,21.39285714285714211:30:00,0.0190476190476190511:30:00,0.908045977011494311:30:00,13.03296703296703311:30:00,4.41509433962264211:30:00,16.928571428571427
12:00:00,47.49019607843137412:00:00,11.8095238095238112:00:00,53.76666666666666612:00:00,18.9652777777777812:00:00,0.2325581395348837212:00:00,32.695364238410612:00:00,46.17266187050359612:00:00,47.10416666666666412:00:00,12:00:00,22.612:00:00,72.512:00:00,56.60902255639097512:00:00,118.2040816326530612:00:00,69.1388888888888912:00:00,65.1560283687943212:00:00,132.4965986394557812:00:00,80.62512:00:00,70.7569444444444412:00:00,29.55244755244755312:00:00,39.30370370370370412:00:00,169.0652173913043412:00:00,110.2482758620689712:00:00,94.3267973856209212:00:00,0.3636363636363636512:00:00,13.77777777777777912:00:00,27.24087591240875712:00:00,6.9158878504672912:00:00,53.82733812949640412:00:00,12:00:00,0.067307692307692312:00:00,12:00:00,39.5163398692810512:00:00,0.909090909090909112:00:00,14.012:00:00,34.99275362318840612:00:00,19.93939393939393812:00:00,6.23809523809523812:00:00,12:00:00,12:00:00,1.920289855072463912:00:00,2.342281879194630712:00:00,4.57823129251700712:00:00,23.28758169934640412:00:00,1.039215686274509912:00:00,54.53612:00:00,7.01459854014598512:00:00,11.71755725190839712:00:00,38.0888888888888912:00:00,13.67857142857142912:00:00,1.115044247787610612:00:00,10.49635036496350412:00:00,11.80291970802919712:00:00,6.46715328467153312:00:00,8.55555555555555512:00:00,10.71532846715328412:00:00,4.01459854014598512:00:00,23.92700729927007312:00:00,7.3813559322033912:00:00,0.1923076923076923212:00:00,0.1439393939393939512:00:00,12:00:00,12:00:00,12:00:00,16.012:00:00,12.77631578947368512:00:00,10.66666666666666612:00:00,32.5374149659863912:00:00,45.20915032679738512:00:00,51.0567375886524812:00:00,22.62913907284768212:00:00,10.77931034482758612:00:00,12:00:00,12:00:00,12:00:00,177.446969696969712:00:00,29.35555555555555412:00:00,220.9652777777777712:00:00,12:00:00,0.0512820512820512812:00:00,17.35714285714285812:00:00,0.0857142857142857212:00:00,0.73563218390804612:00:00,11.37362637362637412:00:00,4.01886792452830212:00:00,10.428571428571429
12:30:00,2.137254901960784312:30:00,0.0793650793650793612:30:00,22.11333333333333312:30:00,0.1458333333333333412:30:00,0.04651162790697674412:30:00,11.231788079470212:30:00,17.9784172661870512:30:00,15.6388888888888912:30:00,12:30:00,0.961538461538461612:30:00,37.32894736842105512:30:00,5.54887218045112812:30:00,13.557823129251712:30:00,32.02083333333333612:30:00,22.60283687943262312:30:00,72.4489795918367312:30:00,51.64583333333333612:30:00,5.75694444444444512:30:00,9.56643356643356712:30:00,2.081481481481481512:30:00,28.9130434782608712:30:00,52.3724137931034512:30:00,9.50980392156862712:30:00,12:30:00,2.54248366013071912:30:00,0.036496350364963512:30:00,0.10280373831775712:30:00,1.87050359712230212:30:00,12:30:00,0.4038461538461538512:30:00,0.0650406504065040712:30:00,38.823529411764712:30:00,1.037878787878787812:30:00,13.11184210526315812:30:00,9.7753623188405812:30:00,5.84090909090909112:30:00,0.222222222222222212:30:00,5.16666666666666712:30:00,12:30:00,1.768115942028985612:30:00,1.181208053691275212:30:00,4.60544217687074812:30:00,17.2222222222222212:30:00,0.80392156862745112:30:00,4.05612:30:00,2.043795620437956412:30:00,7.82442748091603112:30:00,1.87407407407407412:30:00,0.1785714285714285812:30:00,0.840707964601769912:30:00,0.1313868613138686212:30:00,0.2262773722627737212:30:00,0.05839416058394160412:30:00,2.26143790849673212:30:00,0.02189781021897810312:30:00,0.05839416058394160412:30:00,0.02919708029197080212:30:00,2.720338983050847312:30:00,0.1538461538461538512:30:00,0.1742424242424242512:30:00,0.00990099009900990112:30:00,12:30:00,12:30:00,12:30:00,9.32894736842105312:30:00,5.63398692810457612:30:00,12.88435374149659812:30:00,22.39215686274509712:30:00,20.7801418439716312:30:00,3.88079470198675512:30:00,1.075862068965517212:30:00,12:30:00,12:30:00,12:30:00,37.6060606060606112:30:00,3.53333333333333312:30:00,51.45138888888888612:30:00,2.584905660377358612:30:00,0.128205128205128212:30:00,6.79464285714285712:30:00,4.84761904761904712:30:00,0.2528735632183908312:30:00,5.08791208791208812:30:00,3.320754716981132212:30:00,1.0714285714285714
13:00:00,0.143790849673202613:00:00,13:00:00,1.113:00:00,13:00:00,0.0697674418604651213:00:00,3.894039735099337713:00:00,1.194244604316546713:00:00,0.222222222222222213:00:00,13:00:00,13:00:00,27.15789473684210613:00:00,0.00751879699248120313:00:00,13:00:00,1.284722222222222313:00:00,0.0921985815602836813:00:00,9.28571428571428613:00:00,30.85416666666666813:00:00,13:00:00,2.377622377622377513:00:00,0.00740740740740740813:00:00,0.833333333333333413:00:00,23.85517241379310213:00:00,0.0980392156862745113:00:00,0.01010101010101010213:00:00,0.156862745098039213:00:00,13:00:00,13:00:00,13:00:00,13:00:00,0.05769230769230769613:00:00,0.00813008130081300913:00:00,30.68627450980392313:00:00,0.848484848484848513:00:00,24.2434210526315813:00:00,1.159420289855072513:00:00,3.19696969696969713:00:00,13:00:00,0.333333333333333313:00:00,1.01075268817204313:00:00,1.137681159420289813:00:00,0.671140939597315513:00:00,4.11564625850340213:00:00,13.90849673202614413:00:00,0.588235294117647113:00:00,13:00:00,1.087591240875912313:00:00,6.92366412213740513:00:00,0.00740740740740740813:00:00,13:00:00,0.637168141592920313:00:00,13:00:00,13:00:00,13:00:00,0.045751633986928113:00:00,13:00:00,13:00:00,13:00:00,0.483050847457627113:00:00,0.3846153846153846413:00:00,0.1363636363636363513:00:00,13:00:00,13:00:00,13:00:00,13:00:00,2.2513:00:00,0.3856209150326797613:00:00,0.2380952380952380813:00:00,0.973856209150326813:00:00,3.2553191489361713:00:00,0.02649006622516556313:00:00,0.00689655172413793113:00:00,13:00:00,13:00:00,13:00:00,1.863636363636363513:00:00,0.01481481481481481513:00:00,2.62513:00:00,3.367924528301886613:00:00,0.0769230769230769313:00:00,2.946428571428571613:00:00,8.06666666666666613:00:00,0.1034482758620689613:00:00,3.384615384615384613:00:00,2.132075471698113413:00:00,
13:30:00,13:30:00,13:30:00,0.0866666666666666713:30:00,13:30:00,13:30:00,1.821192052980132413:30:00,0.107913669064748213:30:00,13:30:00,13:30:00,13:30:00,37.2894736842105313:30:00,13:30:00,13:30:00,13:30:00,13:30:00,0.00680272108843537413:30:00,35.0555555555555613:30:00,13:30:00,0.573426573426573413:30:00,13:30:00,0.03623188405797101613:30:00,19.51034482758620613:30:00,13:30:00,13:30:00,13:30:00,13:30:00,13:30:00,13:30:00,13:30:00,0.298076923076923113:30:00,0.02439024390243902513:30:00,44.8169934640522913:30:00,0.848484848484848513:30:00,22.36184210526315813:30:00,0.04347826086956521613:30:00,2.613636363636363813:30:00,13:30:00,8.513:30:00,3.440860215053763513:30:00,1.028985507246376713:30:00,0.248322147651006713:30:00,4.05442176870748313:30:00,5.78431372549019613:30:00,0.2941176470588235413:30:00,13:30:00,1.240875912408759213:30:00,7.045801526717557613:30:00,0.00740740740740740813:30:00,13:30:00,0.159292035398230113:30:00,13:30:00,13:30:00,13:30:00,13:30:00,13:30:00,13:30:00,13:30:00,0.513:30:00,0.0769230769230769313:30:00,0.2424242424242424313:30:00,13:30:00,13:30:00,13:30:00,13:30:00,0.0526315789473684213:30:00,0.045751633986928113:30:00,13:30:00,13:30:00,2.60283687943262413:30:00,13:30:00,13:30:00,13:30:00,13:30:00,13:30:00,0.01515151515151515213:30:00,13:30:00,0.256944444444444413:30:00,3.924528301886792513:30:00,13:30:00,1.991071428571428613:30:00,8.02857142857142813:30:00,0.1954022988505747213:30:00,2.34065934065934113:30:00,1.867924528301886813:30:00,
14:00:00,14:00:00,14:00:00,14:00:00,14:00:00,0.0697674418604651214:00:00,1.543046357615894114:00:00,1.021582733812949714:00:00,0.583333333333333414:00:00,14:00:00,0.514:00:00,25.73684210526315814:00:00,14:00:00,14:00:00,14:00:00,14:00:00,0.01360544217687074814:00:00,28.8402777777777814:00:00,14:00:00,0.1328671328671328614:00:00,14:00:00,0.00724637681159420314:00:00,16.0068965517241414:00:00,14:00:00,14:00:00,14:00:00,14:00:00,14:00:00,14:00:00,14:00:00,0.653846153846153914:00:00,0.01626016260162601814:00:00,48.9542483660130714:00:00,0.939393939393939414:00:00,6.888157894736842514:00:00,0.05072463768115942414:00:00,2.704545454545454614:00:00,14:00:00,0.1666666666666666614:00:00,3.17204301075268814:00:00,0.282608695652173914:00:00,0.1275167785234899414:00:00,3.99319727891156514:00:00,5.76470588235294114:00:00,0.156862745098039214:00:00,14:00:00,1.262773722627737114:00:00,5.37404580152671814:00:00,14:00:00,14:00:00,0.1238938053097345114:00:00,14:00:00,14:00:00,14:00:00,14:00:00,14:00:00,14:00:00,14:00:00,0.398305084745762714:00:00,0.1538461538461538514:00:00,0.1363636363636363514:00:00,0.01980198019801980214:00:00,14:00:00,74.014:00:00,14:00:00,14:00:00,14:00:00,14:00:00,14:00:00,2.27659574468085114:00:00,0.01324503311258278114:00:00,2.47586206896551714:00:00,14:00:00,14:00:00,14:00:00,14:00:00,14:00:00,0.0694444444444444514:00:00,4.54716981132075514:00:00,0.0512820512820512814:00:00,2.303571428571428414:00:00,9.29523809523809614:00:00,0.1264367816091954114:00:00,3.02197802197802214:00:00,1.792452830188679314:00:00,
14:30:00,0.01307189542483660214:30:00,14:30:00,14:30:00,14:30:00,14:30:00,1.430463576158940414:30:00,0.00719424460431654714:30:00,14:30:00,14:30:00,14:30:00,28.9934210526315814:30:00,14:30:00,0.850340136054421714:30:00,14:30:00,14:30:00,14:30:00,30.38194444444444314:30:00,14:30:00,0.00699300699300699314:30:00,14:30:00,0.02173913043478260814:30:00,17.8275862068965514:30:00,14:30:00,14:30:00,14:30:00,14:30:00,14:30:00,14:30:00,34.5447761194029814:30:00,1.067307692307692314:30:00,0.0894308943089430914:30:00,47.2679738562091514:30:00,0.810606060606060614:30:00,0.7514:30:00,0.00724637681159420314:30:00,2.7514:30:00,14:30:00,14:30:00,2.612903225806451514:30:00,0.195652173913043514:30:00,0.147651006711409414:30:00,3.680272108843537314:30:00,6.9607843137254914:30:00,0.1176470588235294114:30:00,14:30:00,1.19708029197080314:30:00,6.19847328244274814:30:00,2.88888888888888914:30:00,1.026785714285714214:30:00,0.141592920353982314:30:00,14:30:00,14:30:00,14:30:00,14:30:00,14:30:00,14:30:00,14:30:00,0.627118644067796614:30:00,0.1538461538461538514:30:00,0.393939393939393914:30:00,3.27722772277227714:30:00,4.51886792452830214:30:00,14:30:00,14:30:00,14:30:00,14:30:00,14:30:00,14:30:00,2.60283687943262414:30:00,14:30:00,1.662068965517241414:30:00,14:30:00,14:30:00,14:30:00,14:30:00,14:30:00,0.02777777777777777614:30:00,4.014:30:00,0.0512820512820512814:30:00,2.12514:30:00,10.14285714285714214:30:00,0.241379310344827614:30:00,3.505494505494505514:30:00,2.18867924528301914:30:00,
15:00:00,0.00653594771241830115:00:00,15:00:00,0.0466666666666666715:00:00,15:00:00,0.1162790697674418615:00:00,2.529801324503311315:00:00,0.01438848920863309415:00:00,0.02777777777777777615:00:00,15:00:00,0.0615384615384615415:00:00,51.1842105263157915:00:00,0.00751879699248120315:00:00,15:00:00,0.00694444444444444415:00:00,0.0496453900709219915:00:00,0.1428571428571428515:00:00,34.79861111111111415:00:00,15:00:00,0.0209790209790209815:00:00,15:00:00,0.02173913043478260815:00:00,25.615:00:00,15:00:00,15:00:00,15:00:00,0.007299270072992700515:00:00,15:00:00,15:00:00,10.74626865671641915:00:00,22.05769230769230715:00:00,0.1788617886178861815:00:00,45.015:00:00,1.189393939393939415:00:00,16.0789473684210515:00:00,0.01449275362318840615:00:00,2.78787878787878815:00:00,15:00:00,20.515:00:00,3.17204301075268815:00:00,0.1376811594202898615:00:00,0.308724832214765115:00:00,4.00680272108843615:00:00,7.12418300653594715:00:00,0.0980392156862745115:00:00,15:00:00,2.306569343065693315:00:00,10.35877862595419815:00:00,3.059259259259259315:00:00,1.116071428571428615:00:00,0.1150442477876106215:00:00,15:00:00,15:00:00,15:00:00,15:00:00,15:00:00,15:00:00,15:00:00,0.728813559322033815:00:00,0.03846153846153846415:00:00,0.2575757575757575715:00:00,2.22772277227722815:00:00,3.01886792452830215:00:00,15:00:00,15:00:00,15:00:00,15:00:00,15:00:00,15:00:00,3.212765957446808615:00:00,15:00:00,15:00:00,15:00:00,15:00:00,15:00:00,0.01515151515151515215:00:00,15:00:00,0.01388888888888888815:00:00,5.93396226415094315:00:00,0.179487179487179515:00:00,2.491071428571428415:00:00,12.85714285714285815:00:00,0.4137931034482758615:00:00,5.703296703296703515:00:00,2.15094339622641515:00:00,
15:30:00,1.97385620915032715:30:00,0.896825396825396915:30:00,2.193333333333333415:30:00,1.159722222222222315:30:00,0.04651162790697674415:30:00,3.20529801324503315:30:00,0.4100719424460431715:30:00,0.909722222222222215:30:00,0.1973684210526315815:30:00,1.730769230769230815:30:00,54.82894736842105515:30:00,0.0751879699248120315:30:00,15:30:00,1.062515:30:00,2.716312056737588715:30:00,3.612244897959183515:30:00,41.58333333333333615:30:00,0.298611111111111115:30:00,0.1678321678321678415:30:00,0.0592592592592592615:30:00,0.746376811594202915:30:00,34.4206896551724215:30:00,15:30:00,15:30:00,15:30:00,0.01459854014598540115:30:00,15:30:00,15:30:00,59.604477611940315:30:00,10.96153846153846215:30:00,18.53658536585365715:30:00,47.32679738562091415:30:00,1.280303030303030315:30:00,9.40789473684210415:30:00,0.1811594202898550715:30:00,2.35606060606060615:30:00,15:30:00,15:30:00,3.84946236559139815:30:00,0.1231884057971014615:30:00,0.3758389261744966615:30:00,4.71428571428571415:30:00,9.7712418300653615:30:00,1.882352941176470615:30:00,15:30:00,3.19708029197080315:30:00,13.42748091603053415:30:00,0.01481481481481481515:30:00,15:30:00,0.0530973451327433615:30:00,15:30:00,15:30:00,15:30:00,0.019607843137254915:30:00,15:30:00,15:30:00,15:30:00,6.37288135593220315:30:00,15:30:00,1.310606060606060615:30:00,15.73267326732673315:30:00,17.1981132075471715:30:00,15:30:00,15:30:00,0.01315789473684210515:30:00,0.019607843137254915:30:00,0.00680272108843537415:30:00,15:30:00,4.33333333333333315:30:00,0.04635761589403973615:30:00,0.241379310344827615:30:00,15:30:00,15:30:00,15:30:00,1.727272727272727315:30:00,0.103703703703703715:30:00,1.888888888888888815:30:00,7.61320754716981215:30:00,0.0256410256410256415:30:00,2.553571428571428415:30:00,17.615:30:00,0.586206896551724115:30:00,8.93406593406593415:30:00,3.79245283018867915:30:00,
16:00:00,15.2745098039215716:00:00,6.51587301587301616:00:00,12.8416:00:00,3.569444444444444616:00:00,5.02325581395348816:00:00,4.82781456953642316:00:00,6.04316546762589916:00:00,5.13194444444444516:00:00,1.315789473684210616:00:00,6.646153846153846516:00:00,31.6184210526315816:00:00,5.39849624060150416:00:00,22.6054421768707516:00:00,14.312516:00:00,11.39716312056737616:00:00,20.59183673469387816:00:00,23.5902777777777816:00:00,10.14583333333333416:00:00,2.03496503496503516:00:00,6.80740740740740816:00:00,13.64492753623188516:00:00,24.84827586206896716:00:00,0.1372549019607843316:00:00,16:00:00,0.300653594771241816:00:00,1.518248175182481716:00:00,12.48598130841121516:00:00,0.733812949640287816:00:00,157.149253731343316:00:00,157.0865384615384516:00:00,137.569105691056916:00:00,77.9150326797385616:00:00,0.833333333333333416:00:00,2.934210526315789416:00:00,2.840579710144927716:00:00,1.37878787878787916:00:00,0.0634920634920634916:00:00,16:00:00,2.473118279569892516:00:00,0.231884057971014516:00:00,0.328859060402684616:00:00,3.81632653061224516:00:00,9.85620915032679816:00:00,0.3267973856209150416:00:00,1.64816:00:00,2.38686131386861316:00:00,5.82442748091603116:00:00,0.474074074074074116:00:00,0.1071428571428571416:00:00,0.0884955752212389416:00:00,0.598540145985401516:00:00,1.379562043795620416:00:00,0.58394160583941616:00:00,1.039215686274509916:00:00,0.620437956204379616:00:00,0.605839416058394216:00:00,2.087591240875912316:00:00,5.46610169491525416:00:00,16:00:00,0.4242424242424242516:00:00,9.84158415841584116:00:00,12.83018867924528416:00:00,16:00:00,16:00:00,0.565789473684210516:00:00,1.483660130718954316:00:00,0.931972789115646316:00:00,2.732026143790849716:00:00,4.17730496453900716:00:00,3.920529801324503316:00:00,5.016:00:00,16:00:00,16:00:00,16:00:00,19.38636363636363716:00:00,4.29629629629629716:00:00,30.75694444444444316:00:00,8.1132075471698116:00:00,0.0769230769230769316:00:00,2.39285714285714316:00:00,18.216:00:00,0.1609195402298850616:00:00,4.48351648351648416:00:00,2.075471698113207516:00:00,
16:30:00,49.24836601307189516:30:00,25.42857142857142716:30:00,53.616:30:00,27.0347222222222216:30:00,0.0930232558139534916:30:00,12.6622516556291416:30:00,29.7338129496402916:30:00,36.8055555555555616:30:00,8.6842105263157916:30:00,32.64615384615384416:30:00,33.3947368421052616:30:00,75.7293233082706816:30:00,130.4489795918367516:30:00,62.66666666666666416:30:00,40.23404255319148616:30:00,74.6394557823129216:30:00,33.016:30:00,94.8055555555555616:30:00,20.20279720279720316:30:00,57.40740740740740516:30:00,132.246376811594216:30:00,37.74482758620689516:30:00,53.2222222222222216:30:00,0.02020202020202020416:30:00,7.35294117647058816:30:00,26.5693430656934316:30:00,30.23364485981308316:30:00,43.1007194244604316:30:00,157.3059701492537416:30:00,97.7115384615384716:30:00,156.26016260162616:30:00,94.2549019607843116:30:00,0.871212121212121216:30:00,1.447368421052631616:30:00,29.90579710144927416:30:00,3.34090909090909116:30:00,5.460317460317460516:30:00,16:30:00,0.95698924731182816:30:00,0.514492753623188416:30:00,0.906040268456375916:30:00,3.714285714285714416:30:00,13.58823529411764716:30:00,0.542483660130718916:30:00,38.7616:30:00,2.554744525547445516:30:00,5.12977099236641216:30:00,43.21481481481481516:30:00,14.54464285714285816:30:00,0.1769911504424778716:30:00,9.20437956204379616:30:00,11.18248175182481716:30:00,4.07299270072992716:30:00,8.56862745098039216:30:00,8.67153284671532816:30:00,5.058394160583941516:30:00,20.22627737226277516:30:00,3.686440677966101616:30:00,16:30:00,0.4924242424242424316:30:00,7.37623762376237716:30:00,9.62264150943396116:30:00,16:30:00,16:30:00,5.35526315789473716:30:00,5.93464052287581716:30:00,11.48299319727891216:30:00,26.71895424836601416:30:00,32.106382978723416:30:00,13.5695364238410616:30:00,22.64827586206896716:30:00,16:30:00,16:30:00,0.216:30:00,117.5227272727272716:30:00,24.51111111111111316:30:00,162.9513888888888916:30:00,5.26415094339622716:30:00,0.0512820512820512816:30:00,4.19642857142857116:30:00,11.61904761904761916:30:00,0.356321839080459816:30:00,4.45054945054945116:30:00,1.716981132075471816:30:00,
17:00:00,137.3398692810457617:00:00,80.0317460317460417:00:00,148.3333333333333417:00:00,100.3888888888888917:00:00,0.04651162790697674417:00:00,39.14569536423841417:00:00,100.7697841726618717:00:00,126.5486111111111117:00:00,40.4605263157894717:00:00,108.3538461538461517:00:00,77.6776315789473717:00:00,261.0902255639097717:00:00,367.8639455782312717:00:00,141.0902777777777717:00:00,113.9148936170212817:00:00,189.020408163265317:00:00,86.3958333333333317:00:00,325.4305555555555417:00:00,68.8461538461538417:00:00,198.792592592592617:00:00,430.753623188405817:00:00,90.3034482758620717:00:00,191.8823529411764617:00:00,17:00:00,22.98692810457516317:00:00,94.2846715328467217:00:00,117.2897196261682217:00:00,196.5899280575539517:00:00,132.940298507462717:00:00,82.932692307692317:00:00,130.008130081300817:00:00,72.9346405228758117:00:00,0.795454545454545417:00:00,27.2434210526315817:00:00,95.9782608695652217:00:00,34.5227272727272717:00:00,19.79365079365079417:00:00,17:00:00,0.02150537634408602317:00:00,1.927536231884057917:00:00,2.59731543624161117:00:00,2.85714285714285717:00:00,17.47712418300653417:00:00,1.372549019607843117:00:00,140.71217:00:00,5.85401459854014617:00:00,9.21374045801526817:00:00,145.125925925925917:00:00,60.29464285714285417:00:00,0.442477876106194717:00:00,28.75912408759124317:00:00,44.9270072992700717:00:00,13.95620437956204417:00:00,21.05882352941176417:00:00,31.24087591240875717:00:00,14.04379562043795617:00:00,64.7153284671532817:00:00,2.09322033898305117:00:00,17:00:00,0.4545454545454545317:00:00,8.28712871287128617:00:00,5.924528301886792517:00:00,17:00:00,17:00:00,17.58552631578947317:00:00,21.7777777777777817:00:00,41.4217687074829917:00:00,65.4575163398692917:00:00,96.0283687943262417:00:00,44.50331125827814617:00:00,61.344827586206917:00:00,0.217:00:00,17:00:00,17:00:00,370.863636363636417:00:00,66.2740740740740817:00:00,451.208333333333317:00:00,4.141509433962264517:00:00,0.0512820512820512817:00:00,14.89285714285714217:00:00,8.5904761904761917:00:00,0.4252873563218390617:00:00,9.02197802197802217:00:00,3.66037735849056617:00:00,
17:30:00,98.2287581699346417:30:00,47.3095238095238117:30:00,146.2617:30:00,72.5972222222222317:30:00,0.02325581395348837217:30:00,59.03311258278145617:30:00,91.7482014388489217:30:00,131.0694444444444617:30:00,23.64473684210526417:30:00,62.5692307692307717:30:00,106.809210526315817:30:00,149.1353383458646517:30:00,245.9931972789115717:30:00,140.8888888888888917:30:00,115.1702127659574417:30:00,159.4081632653061117:30:00,110.4861111111111117:30:00,159.3402777777777717:30:00,53.2517482517482517:30:00,135.4074074074074217:30:00,304.123188405797117:30:00,132.1724137931034617:30:00,117.2941176470588317:30:00,17:30:00,21.39215686274509717:30:00,76.4890510948905117:30:00,24.2242990654205617:30:00,104.9280575539568317:30:00,135.5522388059701517:30:00,87.067307692307717:30:00,144.495934959349617:30:00,92.3790849673202717:30:00,0.878787878787878817:30:00,15.89473684210526417:30:00,60.4492753623188417:30:00,32.2727272727272717:30:00,14.31746031746031817:30:00,17:30:00,17:30:00,3.02898550724637717:30:00,3.919463087248322317:30:00,4.5442176870748317:30:00,18.86274509803921617:30:00,1.90849673202614417:30:00,79.217:30:00,8.09489051094890617:30:00,13.97709923664122117:30:00,64.903703703703717:30:00,26.46428571428571517:30:00,0.83185840707964617:30:00,25.17518248175182517:30:00,27.34306569343065617:30:00,12.46715328467153217:30:00,19.2614379084967317:30:00,30.6204379562043817:30:00,9.59124087591240817:30:00,51.19708029197080617:30:00,2.949152542372881517:30:00,17:30:00,0.878787878787878817:30:00,9.68316831683168317:30:00,12.53773584905660417:30:00,17:30:00,17:30:00,15.86184210526315817:30:00,20.16993464052287517:30:00,38.4897959183673517:30:00,58.25490196078431617:30:00,98.6950354609929117:30:00,34.9536423841059617:30:00,30.68965517241379417:30:00,17:30:00,17:30:00,17:30:00,320.53030303030317:30:00,53.7703703703703717:30:00,366.958333333333317:30:00,3.49056603773584917:30:00,0.1025641025641025617:30:00,20.312517:30:00,8.14285714285714217:30:00,0.678160919540229817:30:00,15.37362637362637417:30:00,5.58490566037735817:30:00,
18:00:00,22.89542483660130818:00:00,6.90476190476190518:00:00,61.4933333333333318:00:00,7.74305555555555518:00:00,18:00:00,28.37086092715231818:00:00,35.8489208633093518:00:00,49.63888888888888618:00:00,0.776315789473684218:00:00,8.2307692307692318:00:00,59.09868421052631518:00:00,17.26315789473684218:00:00,71.0136054421768718:00:00,74.7777777777777718:00:00,55.83687943262411618:00:00,67.9455782312925218:00:00,76.4652777777777718:00:00,22.312518:00:00,20.13286713286713318:00:00,14.9703703703703718:00:00,86.7898550724637718:00:00,96.6137931034482718:00:00,32.9215686274509818:00:00,0.02020202020202020418:00:00,11.8888888888888918:00:00,20.69343065693430718:00:00,0.672897196261682218:00:00,9.54676258992805818:00:00,175.5970149253731418:00:00,109.8269230769230818:00:00,188.8943089430894418:00:00,81.0130718954248418:00:00,0.924242424242424218:00:00,15.61184210526315818:00:00,15.29710144927536318:00:00,6.81818181818181818:00:00,4.952380952380952618:00:00,18:00:00,18:00:00,2.565217391304347718:00:00,3.026845637583892618:00:00,4.13605442176870818:00:00,11.58823529411764718:00:00,1.450980392156862718:00:00,16.31218:00:00,3.11678832116788318:00:00,8.8473282442748118:00:00,10.56296296296296318:00:00,3.37518:00:00,0.752212389380530918:00:00,6.00729927007299318:00:00,6.79562043795620418:00:00,4.16058394160583918:00:00,12.28104575163398818:00:00,7.58394160583941618:00:00,2.467153284671532718:00:00,9.01459854014598618:00:00,2.872881355932203318:00:00,18:00:00,0.4469696969696969618:00:00,7.70297029702970318:00:00,10.36792452830188618:00:00,18:00:00,18:00:00,12.24342105263157918:00:00,12.75163398692810518:00:00,23.2040816326530618:00:00,38.0457516339869318:00:00,37.5744680851063818:00:00,14.58278145695364218:00:00,3.92413793103448318:00:00,18:00:00,1.018:00:00,18:00:00,105.2272727272727318:00:00,15.83703703703703718:00:00,119.9583333333333318:00:00,3.3018867924528318:00:00,0.1538461538461538518:00:00,14.47321428571428618:00:00,7.17142857142857218:00:00,0.3908045977011494518:00:00,10.51648351648351618:00:00,4.77358490566037718:00:00,
18:30:00,0.2745098039215686518:30:00,18:30:00,13.29333333333333318:30:00,18:30:00,18:30:00,3.536423841059602518:30:00,5.76258992805755418:30:00,9.55555555555555518:30:00,18:30:00,18:30:00,41.1644736842105318:30:00,0.578947368421052718:30:00,2.06802721088435418:30:00,18.6597222222222218:30:00,9.2340425531914918:30:00,32.2925170068027218:30:00,49.63888888888888618:30:00,0.2291666666666666618:30:00,4.39160839160839218:30:00,18:30:00,5.41304347826086918:30:00,50.9310344827586218:30:00,2.202614379084967518:30:00,18:30:00,0.542483660130718918:30:00,0.007299270072992700518:30:00,18:30:00,0.00719424460431654718:30:00,186.0223880597014818:30:00,117.518:30:00,206.487804878048818:30:00,82.2810457516339818:30:00,0.795454545454545418:30:00,9.98026315789473618:30:00,1.637681159420289818:30:00,0.00757575757575757618:30:00,0.0793650793650793618:30:00,18:30:00,18:30:00,1.920289855072463918:30:00,1.899328859060402718:30:00,4.5442176870748318:30:00,7.76470588235294118:30:00,0.856209150326797318:30:00,0.68818:30:00,2.642335766423357818:30:00,6.41984732824427518:30:00,0.111111111111111118:30:00,0.00892857142857142818:30:00,0.823008849557522118:30:00,0.007299270072992700518:30:00,0.01459854014598540118:30:00,0.007299270072992700518:30:00,2.254901960784313718:30:00,18:30:00,18:30:00,18:30:00,4.21186440677966118:30:00,18:30:00,0.606060606060606118:30:00,9.0198019801980218:30:00,13.66037735849056618:30:00,18:30:00,18:30:00,6.518:30:00,4.3856209150326818:30:00,7.34693877551020418:30:00,11.7254901960784318:30:00,11.57446808510638418:30:00,0.741721854304635818:30:00,0.1379310344827586218:30:00,18:30:00,18:30:00,18:30:00,15.88636363636363718:30:00,0.992592592592592618:30:00,22.12518:30:00,4.71698113207547218:30:00,0.0769230769230769318:30:00,7.33928571428571418:30:00,9.87619047619047718:30:00,0.298850574712643718:30:00,5.84615384615384618:30:00,3.018:30:00,
19:00:00,19:00:00,19:00:00,0.0819:00:00,19:00:00,19:00:00,0.01986754966887417319:00:00,0.00719424460431654719:00:00,0.01388888888888888819:00:00,19:00:00,19:00:00,36.8355263157894719:00:00,0.00751879699248120319:00:00,19:00:00,0.076388888888888919:00:00,19:00:00,3.285714285714285619:00:00,39.20138888888888619:00:00,19:00:00,1.16783216783216819:00:00,19:00:00,0.1521739130434782719:00:00,32.5862068965517219:00:00,19:00:00,19:00:00,0.00653594771241830119:00:00,19:00:00,19:00:00,19:00:00,182.54477611940319:00:00,107.2788461538461619:00:00,208.886178861788619:00:00,83.5620915032679819:00:00,0.727272727272727319:00:00,1.427631578947368419:00:00,0.0797101449275362319:00:00,19:00:00,19:00:00,19:00:00,19:00:00,1.021739130434782719:00:00,0.664429530201342319:00:00,3.68707482993197319:00:00,5.941176470588235519:00:00,0.555555555555555619:00:00,19:00:00,2.364963503649635319:00:00,5.51145038167938919:00:00,0.0518518518518518519:00:00,0.00892857142857142819:00:00,0.3716814159292035619:00:00,19:00:00,19:00:00,19:00:00,19:00:00,19:00:00,19:00:00,19:00:00,4.76271186440677919:00:00,19:00:00,0.2272727272727272719:00:00,7.23762376237623819:00:00,10.43396226415094419:00:00,19:00:00,19:00:00,0.1447368421052631619:00:00,0.00653594771241830119:00:00,0.02721088435374149619:00:00,19:00:00,5.29078014184397219:00:00,19:00:00,19:00:00,19:00:00,19:00:00,19:00:00,0.712121212121212219:00:00,19:00:00,0.562519:00:00,3.16981132075471719:00:00,0.0512820512820512819:00:00,3.937519:00:00,6.62857142857142919:00:00,0.241379310344827619:00:00,4.71428571428571419:00:00,2.584905660377358619:00:00,
19:30:00,19:30:00,19:30:00,19:30:00,19:30:00,19:30:00,19:30:00,19:30:00,19:30:00,19:30:00,19:30:00,43.217105263157919:30:00,0.00751879699248120319:30:00,19:30:00,19:30:00,19:30:00,0.0204081632653061219:30:00,42.687519:30:00,19:30:00,0.188811188811188819:30:00,19:30:00,19:30:00,36.28965517241379519:30:00,19:30:00,19:30:00,19:30:00,19:30:00,19:30:00,19:30:00,185.7835820895522319:30:00,116.7980769230769219:30:00,214.1626016260162519:30:00,93.7254901960784319:30:00,0.371212121212121219:30:00,3.118421052631578819:30:00,19:30:00,19:30:00,19:30:00,19:30:00,19:30:00,0.833333333333333419:30:00,0.382550335570469819:30:00,3.56462585034013619:30:00,6.04575163398692819:30:00,0.320261437908496719:30:00,19:30:00,2.686131386861313719:30:00,6.02290076335877919:30:00,19:30:00,19:30:00,0.1946902654867256619:30:00,19:30:00,19:30:00,19:30:00,19:30:00,19:30:00,19:30:00,19:30:00,5.5254237288135619:30:00,19:30:00,0.4242424242424242519:30:00,9.0396039603960419:30:00,14.8962264150943419:30:00,19:30:00,19:30:00,19:30:00,19:30:00,1.299319727891156619:30:00,19:30:00,4.29078014184397219:30:00,19:30:00,19:30:00,19:30:00,19:30:00,19:30:00,0.01515151515151515219:30:00,19:30:00,0.0555555555555555519:30:00,0.0377358490566037719:30:00,0.0256410256410256419:30:00,3.687519:30:00,0.1238095238095238119:30:00,0.2298850574712643619:30:00,4.52747252747252719:30:00,2.49056603773584919:30:00,
20:00:00,20:00:00,20:00:00,20:00:00,20:00:00,20:00:00,20:00:00,20:00:00,20:00:00,20:00:00,20:00:00,57.6842105263157920:00:00,20:00:00,20:00:00,20:00:00,20:00:00,20:00:00,55.88888888888888620:00:00,20:00:00,0.0419580419580419620:00:00,20:00:00,20:00:00,45.70344827586206520:00:00,20:00:00,20:00:00,20:00:00,20:00:00,20:00:00,20:00:00,206.746268656716420:00:00,146.9326923076923220:00:00,243.495934959349620:00:00,121.3137254901960820:00:00,0.1666666666666666620:00:00,15.98026315789473620:00:00,20:00:00,20:00:00,20:00:00,20:00:00,20:00:00,0.550724637681159420:00:00,0.369127516778523520:00:00,3.850340136054421620:00:00,5.50326797385620920:00:00,0.300653594771241820:00:00,20:00:00,4.13868613138686120:00:00,6.25190839694656520:00:00,20:00:00,20:00:00,0.0265486725663716820:00:00,20:00:00,20:00:00,20:00:00,20:00:00,20:00:00,20:00:00,20:00:00,5.80508474576271220:00:00,20:00:00,0.2045454545454545620:00:00,9.31683168316831720:00:00,12.45283018867924520:00:00,20:00:00,20:00:00,20:00:00,20:00:00,20:00:00,20:00:00,4.34751773049645420:00:00,20:00:00,20:00:00,20:00:00,20:00:00,20:00:00,20:00:00,20:00:00,0.0486111111111111120:00:00,20:00:00,0.128205128205128220:00:00,4.87520:00:00,20:00:00,0.2528735632183908320:00:00,6.59340659340659320:00:00,2.245283018867924720:00:00,
20:30:00,20:30:00,20:30:00,20:30:00,20:30:00,20:30:00,20:30:00,20:30:00,20:30:00,20:30:00,20:30:00,53.467105263157920:30:00,0.01503759398496240520:30:00,20:30:00,20:30:00,20:30:00,20:30:00,52.42361111111111420:30:00,20:30:00,20:30:00,20:30:00,20:30:00,50.5586206896551720:30:00,20:30:00,20:30:00,20:30:00,20:30:00,20:30:00,20:30:00,227.3283582089552220:30:00,176.3942307692307720:30:00,265.34959349593520:30:00,158.5294117647058820:30:00,0.0909090909090909120:30:00,4.87520:30:00,20:30:00,20:30:00,20:30:00,20:30:00,20:30:00,0.1884057971014492820:30:00,20:30:00,4.48299319727891220:30:00,5.11111111111111120:30:00,0.183006535947712420:30:00,20:30:00,3.60583941605839420:30:00,4.60305343511450420:30:00,20:30:00,20:30:00,20:30:00,20:30:00,20:30:00,20:30:00,20:30:00,20:30:00,20:30:00,20:30:00,0.542372881355932220:30:00,20:30:00,0.2424242424242424320:30:00,6.90099009900990120:30:00,13.1886792452830220:30:00,20:30:00,20:30:00,20:30:00,20:30:00,20:30:00,20:30:00,2.829787234042553420:30:00,20:30:00,20:30:00,20:30:00,20:30:00,20:30:00,20:30:00,20:30:00,20:30:00,20:30:00,0.1025641025641025620:30:00,4.812520:30:00,20:30:00,0.1379310344827586220:30:00,4.59340659340659320:30:00,2.773584905660377420:30:00,
21:00:00,21:00:00,21:00:00,21:00:00,21:00:00,21:00:00,21:00:00,21:00:00,21:00:00,21:00:00,21:00:00,59.57894736842105521:00:00,21:00:00,21:00:00,21:00:00,21:00:00,21:00:00,55.562521:00:00,21:00:00,21:00:00,21:00:00,21:00:00,55.17931034482758421:00:00,21:00:00,21:00:00,21:00:00,21:00:00,21:00:00,21:00:00,255.5373134328358221:00:00,206.6634615384615521:00:00,288.447154471544721:00:00,210.8169934640522721:00:00,0.1136363636363636321:00:00,8.53947368421052621:00:00,21:00:00,21:00:00,21:00:00,21:00:00,21:00:00,0.05072463768115942421:00:00,0.00671140939597315421:00:00,4.047619047619047421:00:00,5.45751633986928121:00:00,0.0653594771241830121:00:00,21:00:00,4.00729927007299321:00:00,3.43511450381679421:00:00,21:00:00,21:00:00,21:00:00,21:00:00,21:00:00,21:00:00,21:00:00,21:00:00,21:00:00,21:00:00,21:00:00,21:00:00,0.01515151515151515221:00:00,0.80198019801980221:00:00,2.31132075471698121:00:00,21:00:00,21:00:00,21:00:00,21:00:00,21:00:00,21:00:00,1.560283687943262421:00:00,21:00:00,21:00:00,21:00:00,21:00:00,21:00:00,21:00:00,21:00:00,21:00:00,21:00:00,0.0256410256410256421:00:00,4.12521:00:00,21:00:00,0.1034482758620689621:00:00,4.38461538461538521:00:00,2.20754716981132121:00:00,
21:30:00,21:30:00,21:30:00,21:30:00,21:30:00,21:30:00,21:30:00,21:30:00,21:30:00,21:30:00,21:30:00,78.7631578947368421:30:00,21:30:00,21:30:00,21:30:00,21:30:00,21:30:00,78.2430555555555621:30:00,21:30:00,21:30:00,21:30:00,21:30:00,80.255172413793121:30:00,21:30:00,21:30:00,21:30:00,21:30:00,21:30:00,21:30:00,289.686567164179121:30:00,233.0673076923076821:30:00,323.032520325203321:30:00,281.6013071895424721:30:00,0.1212121212121212221:30:00,22.63815789473684221:30:00,21:30:00,21:30:00,21:30:00,21:30:00,21:30:00,0.0724637681159420321:30:00,21:30:00,2.605442176870748321:30:00,8.20261437908496721:30:00,0.01307189542483660221:30:00,21:30:00,5.53284671532846721:30:00,3.274809160305343521:30:00,21:30:00,21:30:00,21:30:00,21:30:00,21:30:00,21:30:00,21:30:00,21:30:00,21:30:00,21:30:00,21:30:00,21:30:00,21:30:00,0.0693069306930693121:30:00,21:30:00,21:30:00,21:30:00,21:30:00,21:30:00,21:30:00,21:30:00,0.1985815602836879521:30:00,21:30:00,21:30:00,21:30:00,21:30:00,21:30:00,1.030303030303030321:30:00,0.1777777777777777821:30:00,1.743055555555555621:30:00,21:30:00,0.0256410256410256421:30:00,3.2521:30:00,21:30:00,0.0804597701149425321:30:00,1.329670329670329621:30:00,1.16981132075471721:30:00,
22:00:00,22:00:00,22:00:00,22:00:00,22:00:00,22:00:00,22:00:00,22:00:00,22:00:00,22:00:00,22:00:00,16.87522:00:00,22:00:00,22:00:00,22:00:00,22:00:00,22:00:00,32.77083333333333622:00:00,22:00:00,0.00699300699300699322:00:00,22:00:00,22:00:00,57.9517241379310422:00:00,22:00:00,22:00:00,22:00:00,22:00:00,22:00:00,22:00:00,104.4477611940298522:00:00,83.5480769230769222:00:00,153.0162601626016422:00:00,393.764705882352922:00:00,22:00:00,0.842105263157894722:00:00,22:00:00,22:00:00,22:00:00,22:00:00,22:00:00,22:00:00,22:00:00,22:00:00,4.76470588235294122:00:00,22:00:00,22:00:00,3.66423357664233622:00:00,1.29770992366412222:00:00,22:00:00,22:00:00,22:00:00,22:00:00,22:00:00,22:00:00,22:00:00,22:00:00,22:00:00,22:00:00,22:00:00,22:00:00,22:00:00,22:00:00,22:00:00,22:00:00,22:00:00,22:00:00,22:00:00,22:00:00,22:00:00,22:00:00,22:00:00,22:00:00,22:00:00,22:00:00,22:00:00,3.689393939393939422:00:00,0.718518518518518622:00:00,4.95833333333333322:00:00,22:00:00,22:00:00,0.1160714285714285822:00:00,22:00:00,22:00:00,0.0769230769230769322:00:00,0.0754716981132075422:00:00,
22:30:00,22:30:00,22:30:00,22:30:00,22:30:00,22:30:00,22:30:00,22:30:00,22:30:00,22:30:00,22:30:00,22:30:00,22:30:00,22:30:00,22:30:00,22:30:00,22:30:00,22:30:00,22:30:00,22:30:00,22:30:00,22:30:00,14.222:30:00,22:30:00,22:30:00,22:30:00,22:30:00,22:30:00,22:30:00,0.0597014925373134322:30:00,0.788461538461538422:30:00,1.447154471544715522:30:00,331.692810457516322:30:00,22:30:00,22:30:00,22:30:00,22:30:00,22:30:00,22:30:00,22:30:00,22:30:00,22:30:00,22:30:00,2.75816993464052322:30:00,22:30:00,22:30:00,0.3576642335766423422:30:00,0.0534351145038167922:30:00,22:30:00,22:30:00,22:30:00,22:30:00,22:30:00,22:30:00,22:30:00,22:30:00,22:30:00,22:30:00,22:30:00,22:30:00,22:30:00,22:30:00,22:30:00,22:30:00,22:30:00,22:30:00,22:30:00,22:30:00,22:30:00,0.007092198581560283522:30:00,22:30:00,22:30:00,22:30:00,22:30:00,22:30:00,22:30:00,22:30:00,22:30:00,22:30:00,0.0512820512820512822:30:00,22:30:00,22:30:00,22:30:00,22:30:00,22:30:00,
23:00:00,23:00:00,23:00:00,23:00:00,23:00:00,23:00:00,23:00:00,23:00:00,23:00:00,23:00:00,23:00:00,23:00:00,23:00:00,23:00:00,23:00:00,23:00:00,23:00:00,23:00:00,23:00:00,23:00:00,23:00:00,23:00:00,23:00:00,23:00:00,23:00:00,23:00:00,23:00:00,23:00:00,23:00:00,23:00:00,23:00:00,23:00:00,18.2287581699346423:00:00,23:00:00,23:00:00,23:00:00,23:00:00,23:00:00,23:00:00,23:00:00,23:00:00,23:00:00,23:00:00,0.045751633986928123:00:00,23:00:00,23:00:00,23:00:00,23:00:00,23:00:00,23:00:00,23:00:00,23:00:00,23:00:00,23:00:00,23:00:00,23:00:00,23:00:00,23:00:00,23:00:00,23:00:00,23:00:00,23:00:00,23:00:00,23:00:00,23:00:00,23:00:00,23:00:00,23:00:00,23:00:00,23:00:00,23:00:00,23:00:00,23:00:00,23:00:00,23:00:00,23:00:00,23:00:00,23:00:00,23:00:00,23:00:00,23:00:00,23:00:00,23:00:00,23:00:00,23:00:00,
