淮扬快餐,3.549107173,4.376026243,5.369667828,6.272678407,7.215166678,8.316717156,8.579243232,9.137330678,10.6424441,11.87943672,10.93010011,13.36754014,13.88522732,13.98800072,14.49417613,14.88514049,17.50957892,17.03939038,18.21252153,20.83436142,21.31908024,21.12181789,21.72788751,23.20570497,26.74564517,25.11504186,24.52990559,24.96547955,29.32043248,30.00742642,35.906601,31.51161348,35.18471853,34.16745874,32.62572292,35.18471853,34.49826042,37.46909929,40.66595771,42.26032919,42.8275929,43.41440586,41.71159167,44.02187055,38.75927758,57.93678083,44.02187055,45.30361099,45.98056591,49.79095291,54.51010183,54.51010183,56.73539631,51.55133788,77.37012196,61.96247803,57.93678083,66.77481183,59.20427272,68.59834831,59.20427272,102.8135763,80.03421728,70.55254864,77.37012196,70.55254864,72.65309323,74.91837418,114.7978902,108.3910582,72.65309323,89.64661387,102.8135763,102.8135763,93.54764257,97.90583485,80.03421728,89.64661387,97.90583485,82.94175589,108.3910582,97.90583485,86.13046472,93.54764257,114.7978902,122.2511853,154.6993084,223.8172134,141.6490568,108.3910582,223.8172134,171.2668276,102.8135763,108.3910582,108.3910582,154.6993084,154.6993084,171.2668276,223.8172134,141.6490568,193.1669736,154.6993084,270.6157383,141.6490568,270.6157383,353.6496898,154.6993084,558.7957297,270.6157383,193.1669736,193.1669736,154.6993084,270.6157383,270.6157383,353.6496898,353.6496898,223.8172134,171.2668276,154.6993084,193.1669736,154.6993084,223.8172134,270.6157383,270.6157383,558.7957297,270.6157383,141.6490568,223.8172134,171.2668276,223.8172134,353.6496898,270.6157383,193.1669736,353.6496898,353.6496898,270.6157383,270.6157383,353.6496898,353.6496898,558.7957297,353.6496898,558.7957297,270.6157383,558.7957297,558.7957297,558.7957297,,270.6157383,
海派食府,2.541022363,3.4089326,4.703210851,5.140488813,6.884739759,7.79814926,9.014562392,10.49817453,11.0710491,11.93654696,13.9232148,12.99518878,16.0651235,17.99460246,19.29044296,20.03206707,21.52107479,22.77076127,25.92754992,27.53195914,24.86865143,27.97333862,31.65232109,35.15596062,50.01328256,38.77405681,43.50277023,39.83292774,37.7832436,39.83292774,38.77405681,54.32020709,48.1616985,70.98746179,48.1616985,62.93931697,56.85087383,70.98746179,70.98746179,157.1381442,66.65956508,70.98746179,82.2512026,99.4493211,112.1660549,70.98746179,99.4493211,129.963696,99.4493211,129.963696,76.09946292,99.4493211,205.3533778,129.963696,324.475304,112.1660549,157.1381442,324.475304,205.3533778,205.3533778,129.963696,157.1381442,324.475304,157.1381442,324.475304,324.475304,324.475304,205.3533778,324.475304,324.475304,157.1381442,324.475304,,,324.475304,,,205.3533778,,,,,324.475304,,,,,,,324.475304,324.475304,324.475304,324.475304,,,205.3533778,324.475304,,,,,,324.475304,,,,,,324.475304,,,,,,,,,324.475304,,,,,,,,,,,,,,,,,,,,,,,,,,,,,,,
中式点心,3.677091176,4.543000788,5.582897148,6.17084855,7.111333236,7.913491119,8.978549454,9.743136317,9.816906073,10.42739465,12.38230233,11.99731948,12.57287394,13.22333187,15.87496625,16.07774661,17.3844048,17.57509543,18.18026095,19.64991958,18.04127046,19.15419339,22.71852111,21.67596745,20.55262215,23.22391432,24.77332225,24.03774094,25.90463905,26.07704142,30.26520815,26.43067173,32.47484113,28.18506117,34.07834913,35.89714045,39.38723293,35.89714045,36.29089845,37.98161677,37.98161677,37.5405076,47.42615879,42.63762043,37.98161677,46.65951281,45.21560692,57.34261803,58.64012221,49.05918979,49.05918979,56.11498193,64.67510457,49.93032667,66.44130068,58.64012221,58.64012221,77.51757332,61.47201667,68.33405196,57.34261803,90.60607435,80.33368554,61.47201667,63.02242871,86.82771194,111.1881164,104.9827447,74.93724941,77.51757332,118.4070457,90.60607435,77.51757332,111.1881164,111.1881164,104.9827447,104.9827447,165.8814107,90.60607435,86.82771194,126.9338606,126.9338606,111.1881164,187.0929154,149.8348505,118.4070457,342.5293167,126.9338606,149.8348505,187.0929154,126.9338606,165.8814107,149.8348505,165.8814107,187.0929154,187.0929154,216.7793706,137.1949589,541.2246214,262.1063346,541.2246214,342.5293167,187.0929154,262.1063346,342.5293167,149.8348505,262.1063346,216.7793706,262.1063346,262.1063346,262.1063346,137.1949589,262.1063346,187.0929154,541.2246214,,342.5293167,342.5293167,165.8814107,342.5293167,342.5293167,342.5293167,262.1063346,,187.0929154,541.2246214,187.0929154,342.5293167,541.2246214,541.2246214,,541.2246214,216.7793706,541.2246214,541.2246214,262.1063346,262.1063346,342.5293167,216.7793706,262.1063346,,541.2246214,342.5293167,541.2246214,541.2246214,,541.2246214,541.2246214,
一餐教工餐厅,2.683361627,3.657099247,4.497416773,5.519520728,6.725530448,7.577660224,8.183856011,10.15736635,10.49996582,12.33446336,13.14670234,14.6600131,14.33833367,15.64714676,16.59081354,18.1017489,20.01446287,26.76408749,23.03428306,23.03428306,26.39476565,27.95492044,29.76990391,30.79497482,29.76990391,33.80008768,34.49356177,37.6714838,44.17108404,59.52405696,48.65860462,42.89401066,37.6714838,59.52405696,54.50267758,59.52405696,59.52405696,69.79396237,65.89878459,62.50782889,86.11873379,74.32536098,79.67773335,48.65860462,69.79396237,117.4402114,79.67773335,74.32536098,136.0747148,94.05292809,104.1255245,215.0092924,86.11873379,79.67773335,94.05292809,117.4402114,164.5269319,215.0092924,164.5269319,215.0092924,339.7324469,164.5269319,136.0747148,164.5269319,164.5269319,215.0092924,215.0092924,164.5269319,164.5269319,215.0092924,136.0747148,339.7324469,,339.7324469,215.0092924,215.0092924,339.7324469,,215.0092924,215.0092924,,,,215.0092924,,339.7324469,339.7324469,,,,,,339.7324469,,,,339.7324469,,339.7324469,,215.0092924,,,,,,,339.7324469,,339.7324469,,,,,,339.7324469,339.7324469,,,,,,,,,,,,,,,,339.7324469,,,,,,339.7324469,,,,,,,,,339.7324469,
吉祥小厨,3.151091676,3.952634624,4.801014485,5.309609244,6.398970855,7.363650197,7.834666899,8.328659269,9.233643399,10.12733223,11.42976279,11.92403182,13.73042127,14.40726179,14.05860569,14.90770086,17.5170062,18.64735167,19.80125873,20.84426375,21.25903,24.26959677,27.37298649,26.05270937,30.34159176,31.1479382,34.28020864,45.2665825,35.38380625,43.25158032,40.88771366,57.80156014,49.21631591,60.59295811,56.52261046,59.15588264,54.16556201,76.40906102,71.52494044,135.2330515,71.52494044,76.40906102,69.36226557,98.15662716,85.58606334,85.58606334,82.22917845,89.31039464,89.31039464,116.7138081,116.7138081,125.1186884,184.4174602,125.1186884,103.4814766,98.15662716,184.4174602,184.4174602,109.5981106,135.2330515,147.6921909,213.6793949,147.6921909,337.6310989,135.2330515,258.3581769,147.6921909,258.3581769,184.4174602,,258.3581769,147.6921909,184.4174602,337.6310989,337.6310989,337.6310989,533.4850326,,337.6310989,,337.6310989,533.4850326,337.6310989,533.4850326,533.4850326,,,,533.4850326,,,337.6310989,533.4850326,,,533.4850326,,,533.4850326,,533.4850326,,533.4850326,,,,,,,,533.4850326,,,,,,,,,533.4850326,,,,,533.4850326,,,,,533.4850326,,,,,,,,,,,,,,,,,,533.4850326,
顺日北小吃,3.437105985,4.311482674,5.229669865,6.087878245,7.268715072,7.577266333,8.937810537,9.521849708,10.34581442,10.62617044,11.87584437,11.59669443,13.28207781,13.47615291,14.14104024,15.24411872,17.7414378,17.4200058,18.35949746,19.0347346,19.69016005,18.95662139,19.7761264,25.45619248,25.1351266,24.22996844,23.14222011,28.45661955,28.03293758,28.45661955,27.62477157,29.83086879,31.11207976,31.95015186,32.84742336,36.77085148,41.01529236,45.30820259,43.96891565,34.14813714,47.52328138,46.01733701,56.2298981,45.30820259,47.52328138,61.59790335,56.2298981,49.15965661,56.2298981,47.52328138,72.7111946,64.80755076,66.57736381,83.59296434,75.09071113,66.57736381,75.09071113,75.09071113,105.1977357,90.79162379,105.1977357,80.49819846,77.6763192,99.78457269,111.4158152,99.78457269,90.79162379,87.00552378,90.79162379,111.4158152,127.1938046,72.7111946,95.02141882,118.6495279,127.1938046,127.1938046,262.6430943,150.1416928,166.2211142,137.4759163,166.2211142,166.2211142,166.2211142,150.1416928,217.2233065,217.2233065,150.1416928,262.6430943,343.2307721,217.2233065,262.6430943,343.2307721,217.2233065,343.2307721,150.1416928,262.6430943,542.3329789,542.3329789,217.2233065,542.3329789,343.2307721,542.3329789,,262.6430943,187.4760573,,262.6430943,,542.3329789,542.3329789,,217.2233065,343.2307721,,,542.3329789,,262.6430943,,,,542.3329789,542.3329789,,,542.3329789,,,343.2307721,,,343.2307721,343.2307721,,,343.2307721,,,262.6430943,,,542.3329789,542.3329789,542.3329789,,262.6430943,,,
高知餐厅,2.332138442,3.416392784,3.958479539,5.282614306,6.08845661,8.009551864,8.926950313,11.53055048,11.53055048,11.53055048,14.10531907,11.94944033,13.47743318,22.28756957,20.40741643,32.2454041,22.28756957,50.95040272,27.8296161,38.98767975,32.2454041,80.50584601,80.50584601,32.2454041,32.2454041,80.50584601,,50.95040272,,,80.50584601,80.50584601,80.50584601,,,80.50584601,80.50584601,,50.95040272,,80.50584601,,,80.50584601,,,,,80.50584601,80.50584601,,,,,,,,80.50584601,,,,,,,,,,,,,,,,,,,,,,,,,,,,,,,,,,,,,,,,,,,,,,,,,,,,,,,,,,,,,,,,,,,,,,,,,,,,,,,,,,,,,,,,,,,
川菜,2.842459614,3.919649537,4.90047561,5.808668154,6.55784499,7.463804131,8.462632142,10.18325111,10.301503,10.94908836,12.29686114,12.55313854,15.33903843,16.02928589,16.94171962,15.12513647,18.33016487,20.04556799,20.04556799,24.4105021,21.69489269,26.33658959,25.52158843,29.23559737,27.22038358,29.23559737,32.36658306,36.50534656,31.67365366,36.50534656,34.69738916,45.34370761,40.95737806,62.75924484,62.75924484,47.08695357,47.08695357,53.52447029,51.14187548,42.29773231,42.29773231,49.00920898,59.25667231,93.63043826,49.00920898,59.25667231,62.75924484,93.63043826,77.43859951,77.43859951,105.6031028,147.9438285,84.57308544,105.6031028,84.57308544,77.43859951,84.57308544,105.6031028,122.3593855,193.3379389,193.3379389,193.3379389,147.9438285,105.6031028,193.3379389,147.9438285,147.9438285,122.3593855,305.4899177,193.3379389,147.9438285,,193.3379389,122.3593855,193.3379389,,193.3379389,147.9438285,193.3379389,305.4899177,305.4899177,193.3379389,305.4899177,305.4899177,193.3379389,122.3593855,,305.4899177,,193.3379389,,,,,193.3379389,,305.4899177,,,,305.4899177,305.4899177,305.4899177,,,,,305.4899177,305.4899177,,,,,,,,305.4899177,,,305.4899177,,,305.4899177,,,,,305.4899177,,,,,,,,,,,,,,,,,,,,,
供应点1,1.088031418,4.052661938,,,,,,,,,,,,,,,,,,,,,,,,,,,,,,,,,,,,,,,,,,,,,,,,,,,,,,,,,,,,,,,,,,,,,,,,,,,,,,,,,,,,,,,,,,,,,,,,,,,,,,,,,,,,,,,,,,,,,,,,,,,,,,,,,,,,,,,,,,,,,,,,,,,
一餐清真,2.729954263,4.181855539,5.413335582,6.759420338,7.64395133,9.366811124,10.27749751,12.17508799,14.05045065,12.17508799,13.26629968,17.8307283,17.33684373,20.96184961,18.36159842,20.22702809,19.55373193,24.74371761,20.22702809,27.39364553,21.76773121,30.89651205,27.39364553,25.9840499,30.89651205,30.89651205,23.64227274,43.2842233,27.39364553,43.2842233,27.39364553,27.39364553,27.39364553,39.09711824,68.39264912,43.2842233,30.89651205,56.5652694,35.79893137,29.0128426,89.37779928,56.5652694,56.5652694,33.12145432,48.81904183,56.5652694,56.5652694,33.12145432,48.81904183,89.37779928,56.5652694,43.2842233,39.09711824,35.79893137,68.39264912,43.2842233,68.39264912,68.39264912,56.5652694,39.09711824,33.12145432,43.2842233,48.81904183,39.09711824,89.37779928,89.37779928,48.81904183,89.37779928,68.39264912,,89.37779928,68.39264912,141.2243076,68.39264912,141.2243076,56.5652694,68.39264912,141.2243076,,89.37779928,,141.2243076,89.37779928,141.2243076,141.2243076,68.39264912,89.37779928,89.37779928,,141.2243076,68.39264912,,56.5652694,89.37779928,89.37779928,89.37779928,68.39264912,48.81904183,89.37779928,89.37779928,56.5652694,68.39264912,,89.37779928,89.37779928,,,89.37779928,,89.37779928,,141.2243076,141.2243076,141.2243076,141.2243076,141.2243076,89.37779928,141.2243076,141.2243076,,89.37779928,89.37779928,141.2243076,141.2243076,,89.37779928,48.81904183,,141.2243076,141.2243076,141.2243076,89.37779928,,141.2243076,141.2243076,,141.2243076,,141.2243076,89.37779928,,,,68.39264912,,141.2243076,141.2243076,,141.2243076
哈乐之家,3.570745573,4.86149747,6.285129984,7.123553652,8.448074641,9.486522494,9.555197937,10.63861187,10.95252043,13.37550214,13.01156699,14.44222644,13.88315314,16.00097425,15.83421652,16.17222077,18.41852841,19.31268476,16.80988576,20.02210021,21.30624529,18.18169912,18.41852841,20.17197733,20.80092778,21.66073328,23.4607736,25.97330466,24.63679555,27.84371331,24.14891735,25.97330466,31.87339086,28.18934346,27.84371331,26.26302259,32.86718454,29.6877731,29.29455007,31.87339086,39.32856037,35.11153863,32.36069605,32.86718454,31.87339086,41.96858785,45.10499358,37.78600257,34.51472316,39.32856037,41.96858785,43.99536759,41.96858785,51.93286719,41.03996738,46.28780953,37.78600257,45.10499358,46.28780953,55.47913208,46.28780953,47.55187164,51.93286719,50.36259106,50.36259106,43.99536759,62.14237486,55.47913208,64.84653933,64.84653933,84.74362451,48.90650897,62.14237486,90.84624451,84.74362451,67.86760624,59.70500607,53.63240076,71.26961659,57.49461652,67.86760624,187.5888439,98.19008671,79.57705502,90.84624451,98.19008671,55.47913208,79.57705502,84.74362451,84.74362451,67.86760624,90.84624451,90.84624451,133.9019286,90.84624451,118.7209081,98.19008671,75.13588611,75.13588611,90.84624451,155.1484498,118.7209081,84.74362451,118.7209081,98.19008671,133.9019286,107.2364253,155.1484498,245.1473697,75.13588611,118.7209081,245.1473697,155.1484498,387.3530991,133.9019286,155.1484498,155.1484498,155.1484498,155.1484498,133.9019286,118.7209081,187.5888439,187.5888439,84.74362451,133.9019286,245.1473697,118.7209081,387.3530991,187.5888439,155.1484498,155.1484498,133.9019286,155.1484498,245.1473697,155.1484498,133.9019286,118.7209081,245.1473697,387.3530991,133.9019286,387.3530991,245.1473697,133.9019286,245.1473697,387.3530991,133.9019286,187.5888439,387.3530991,
上海快餐,4.402545379,5.514161306,6.33329387,7.207935699,7.754164455,8.585824722,9.277564135,10.16834038,10.44039618,10.94786909,11.29388815,12.58951473,12.86723904,13.0611558,13.31418512,15.74256872,15.58651276,15.74256872,16.49668859,16.7688692,18.5561914,19.71655032,19.1142554,19.71655032,20.29380072,21.41445316,22.41210849,20.07239874,22.60630714,23.11090492,24.9371798,27.02116808,27.65428898,24.32824117,27.33311886,28.85768274,29.80206735,30.20210283,34.53082865,31.71604847,33.4365964,38.07202631,33.4365964,36.03345934,35.71983309,35.71983309,35.71983309,38.81834558,37.36077544,41.29796965,40.42794156,38.81834558,40.85713191,45.88642096,42.69567816,42.69567816,50.48078883,47.08972877,63.2189686,61.947986,45.31315669,58.49068955,52.83258497,54.56156233,52.0184265,52.0184265,63.2189686,57.44248955,80.95569816,61.947986,60.73937329,60.73937329,65.96998172,65.96998172,69.0433875,67.46269917,89.18031771,89.18031771,63.2189686,64.55764419,69.0433875,70.72066039,76.43758764,80.95569816,80.95569816,83.47984948,104.2380218,76.43758764,70.72066039,95.97322832,104.2380218,99.89119377,76.43758764,120.777704,157.8363395,114.5628421,157.8363395,99.89119377,114.5628421,136.2217301,104.2380218,127.916692,136.2217301,157.8363395,114.5628421,120.777704,83.47984948,99.89119377,114.5628421,109.0942569,146.0314292,127.916692,120.777704,249.3944575,172.3779396,146.0314292,172.3779396,127.916692,136.2217301,172.3779396,157.8363395,104.2380218,120.777704,215.2415887,157.8363395,127.916692,215.2415887,127.916692,215.2415887,215.2415887,146.0314292,301.5409951,157.8363395,394.0638487,157.8363395,301.5409951,172.3779396,301.5409951,190.8387515,301.5409951,249.3944575,301.5409951,622.65344,190.8387515,249.3944575,301.5409951,190.8387515,146.0314292,157.8363395
西北面点,4.049501038,4.683213387,5.369124175,5.809107062,6.592818325,7.155227845,7.876599002,8.079810628,9.095078546,9.399771523,10.39668424,10.93440156,11.86035153,12.05425929,13.23320201,13.54234862,15.3765944,15.56189128,17.37584034,16.89656705,19.56419127,21.19104097,20.63728313,22.51476867,24.06828302,24.41234658,23.956282,24.06828302,28.18490388,29.23780644,28.87595995,38.94698485,36.50810494,38.94698485,37.85290492,40.12424824,44.80127244,44.27164162,41.39531664,48.35042671,48.35042671,51.90999148,56.21174707,54.38665874,62.76398699,60.37328607,61.53945401,59.2611498,71.65221819,71.65221819,66.83896188,75.38576014,64.05171143,93.63751307,84.57947587,73.45938944,90.3550327,93.63751307,122.3686311,110.5312854,116.0719048,116.0719048,110.5312854,116.0719048,110.5312854,129.6016563,252.6795704,129.6016563,116.0719048,129.6016563,147.9550073,252.6795704,129.6016563,174.6485634,305.5130008,193.3525477,218.0768278,193.3525477,193.3525477,218.0768278,138.0160914,305.5130008,630.8552535,252.6795704,252.6795704,630.8552535,218.0768278,174.6485634,218.0768278,305.5130008,,252.6795704,174.6485634,399.2545985,305.5130008,305.5130008,399.2545985,399.2545985,630.8552535,305.5130008,,630.8552535,,305.5130008,399.2545985,,252.6795704,305.5130008,630.8552535,,252.6795704,,630.8552535,305.5130008,630.8552535,630.8552535,630.8552535,,399.2545985,,630.8552535,,399.2545985,,,,,630.8552535,630.8552535,,,,,,,,630.8552535,630.8552535,630.8552535,,,,,,,630.8552535,,,630.8552535
江南小吃,4.055684004,5.044317934,5.621297938,6.533045029,7.20748599,8.39528936,8.606329217,9.352270008,10.06907156,10.09727028,11.73646056,12.30645587,12.64352605,12.37677669,14.33379315,13.30757929,14.06695742,14.87027253,17.20810494,16.68778943,17.83013986,17.59747656,19.05100658,21.39306423,22.70270382,22.17563147,21.39306423,23.37862613,22.48812656,25.45983047,26.52749808,27.1902276,26.8537219,33.65586907,26.68935644,32.5355677,32.5355677,29.04692751,36.2194539,37.69805967,38.49632439,39.77731391,34.56246371,39.33851441,49.01269686,44.36878923,53.1790539,49.01269686,46.87892147,45.5804453,49.01269686,49.01269686,55.11097949,48.27463667,57.22972975,56.14523075,59.56604903,59.56604903,68.31488958,60.82737325,84.02729901,63.56456829,70.10635289,78.65621533,81.23028617,76.27791458,98.21493858,78.65621533,102.7905706,90.42770154,102.7905706,94.11927904,76.27791458,102.7905706,107.94317,128.3505637,107.94317,128.3505637,98.21493858,120.5254074,98.21493858,179.8117033,148.7162374,120.5254074,234.9839425,120.5254074,179.8117033,128.3505637,202.8044954,120.5254074,179.8117033,137.5934386,371.2940445,284.117348,148.7162374,179.8117033,179.8117033,234.9839425,162.4175945,137.5934386,234.9839425,179.8117033,234.9839425,371.2940445,234.9839425,202.8044954,234.9839425,179.8117033,586.6752679,179.8117033,371.2940445,371.2940445,179.8117033,179.8117033,371.2940445,284.117348,586.6752679,371.2940445,234.9839425,234.9839425,371.2940445,371.2940445,202.8044954,371.2940445,,586.6752679,371.2940445,586.6752679,,586.6752679,284.117348,586.6752679,284.117348,371.2940445,586.6752679,,284.117348,371.2940445,,,586.6752679,,,,371.2940445,586.6752679,,586.6752679,586.6752679
川味点心,4.582585036,5.577733113,6.297088624,6.899137702,7.477554652,8.364152344,9.016023691,9.269624722,9.949920314,10.81434479,11.46185162,11.64806997,12.47660116,12.72930936,13.88524951,15.31307255,15.11024653,17.5561371,16.86480505,17.17875117,17.2711781,17.75279708,20.21639685,18.6547869,18.9426633,21.24655773,19.68168063,20.93889982,23.07054748,25.59477352,26.10793502,24.87064015,24.52744629,25.10624774,27.51270134,28.45188231,31.20122018,28.45188231,29.83858917,29.29897357,33.20505923,34.73402298,33.94790785,35.00638375,32.9664067,32.73202183,35.85679479,38.75539169,39.48270253,41.8883058,40.24534881,42.7752999,45.74751207,40.64079627,46.29479903,49.30050584,43.71110173,48.04070493,52.0896464,51.35550356,50.64684092,56.19973047,59.09005639,58.08566122,49.96227039,64.85633121,69.06715231,63.59097634,54.46059697,74.0408667,74.0408667,96.75907877,75.90828308,93.36717134,77.89887262,90.25926259,82.30594515,87.3990765,87.3990765,96.75907877,90.25926259,84.75642087,87.3990765,61.23672099,142.6170925,96.75907877,100.4789967,126.4479974,100.4789967,100.4789967,126.4479974,77.89887262,114.2160337,104.5809035,109.1318072,96.75907877,165.2464685,96.75907877,152.887339,152.887339,133.9221479,114.2160337,142.6170925,165.2464685,199.7982836,180.4707702,152.887339,180.4707702,180.4707702,180.4707702,261.1030734,180.4707702,225.3467896,225.3467896,412.5644293,261.1030734,225.3467896,225.3467896,152.887339,165.2464685,651.885886,165.2464685,199.7982836,199.7982836,261.1030734,180.4707702,180.4707702,225.3467896,412.5644293,315.6977961,225.3467896,165.2464685,225.3467896,261.1030734,315.6977961,412.5644293,412.5644293,651.885886,315.6977961,651.885886,261.1030734,412.5644293,651.885886,,315.6977961,261.1030734,,651.885886,412.5644293
大众餐厅,3.3462309,4.403890031,5.311498385,6.459939379,7.257701456,8.476905648,9.353369306,10.77941408,10.23879149,11.83291714,12.58824593,14.49382102,14.75257807,15.78978973,16.11174599,17.42311888,19.66919972,18.84244381,19.66919972,23.47904162,21.77567225,25.14956873,21.63590752,21.91773027,25.9935291,23.65089764,27.65777088,23.65089764,24.18605176,33.1335373,33.54483119,32.73469581,31.60714064,33.54483119,32.34771342,39.73839655,30.57243241,34.86000795,34.40736135,39.11138119,41.07192365,44.96468957,44.11261214,41.07192365,42.52404282,49.94189371,39.73839655,47.79131349,44.11261214,42.52404282,44.96468957,51.11205989,49.94189371,51.11205989,49.94189371,55.08169282,61.79921381,53.67416229,44.11261214,55.08169282,66.0192077,71.04792467,66.0192077,71.04792467,89.41040504,73.94835137,89.41040504,73.94835137,63.82162936,68.41759932,94.69531923,61.79921381,80.76127769,84.80961118,71.04792467,73.94835137,77.16626032,80.76127769,100.8434476,100.8434476,71.04792467,94.69531923,77.16626032,127.6094915,89.41040504,116.844505,94.69531923,116.844505,80.76127769,84.80961118,100.8434476,127.6094915,141.2758274,94.69531923,94.69531923,141.2758274,184.6239721,116.844505,116.844505,84.80961118,184.6239721,159.3409792,84.80961118,116.844505,127.6094915,184.6239721,223.22748,159.3409792,223.22748,141.2758274,127.6094915,291.7211302,159.3409792,141.2758274,127.6094915,184.6239721,141.2758274,141.2758274,460.9434889,184.6239721,291.7211302,223.22748,127.6094915,116.844505,184.6239721,223.22748,141.2758274,184.6239721,127.6094915,460.9434889,291.7211302,159.3409792,460.9434889,184.6239721,291.7211302,159.3409792,184.6239721,184.6239721,223.22748,223.22748,460.9434889,223.22748,223.22748,291.7211302,291.7211302,291.7211302,291.7211302,,291.7211302
新疆餐厅,2.367272986,3.440620708,4.527272375,5.626287225,6.161105954,7.482307243,8.776791994,11.00897622,11.46980506,12.68028763,14.35836885,15.08501351,15.802262,17.97150266,19.28358434,22.55351173,25.68018233,24.30513675,27.26928432,32.63016622,27.70645273,26.05541607,28.6362161,39.45289278,34.05008839,53.80195301,59.13105931,59.13105931,53.80195301,49.53611965,66.02358459,51.55835865,66.02358459,70.31019004,88.97204348,66.02358459,88.97204348,155.6389326,111.0959096,75.37341898,81.46646662,88.97204348,88.97204348,98.50050261,81.46646662,155.6389326,128.7237483,111.0959096,155.6389326,203.394158,98.50050261,321.3795748,203.394158,321.3795748,98.50050261,128.7237483,321.3795748,321.3795748,321.3795748,321.3795748,321.3795748,321.3795748,321.3795748,321.3795748,321.3795748,203.394158,321.3795748,321.3795748,,203.394158,203.394158,,321.3795748,,203.394158,203.394158,,321.3795748,321.3795748,,321.3795748,321.3795748,,,,,,,321.3795748,,,,321.3795748,,,,,,321.3795748,,,,,,,,,,,,,,,321.3795748,,,,,,,,,,,,,,,,,,321.3795748,,,,,,,,,,,,,,,,,
二大楼教工餐厅,3.081695925,4.028798587,5.031754344,5.684281966,6.716294214,7.670584885,8.202236864,9.551890998,10.04705579,10.63871349,11.68129571,12.0290802,15.35375555,14.66180945,17.37748131,16.3648185,18.78224473,18.35224156,17.94616959,20.65199662,21.54091123,24.26020235,26.62762257,26.10811443,23.84783467,29.67749853,29.67749853,27.74935384,32.41171244,31.16514724,30.39845481,41.25297795,36.45810106,38.33312419,36.45810106,39.72571654,51.91489385,58.55332916,53.39382308,51.91489385,62.76991442,50.53485038,48.03207023,51.91489385,58.55332916,62.76991442,62.76991442,65.18311364,82.02982169,82.02982169,129.6138959,70.79639748,86.87848073,99.18165107,86.87848073,86.87848073,92.51909797,82.02982169,117.0756785,117.0756785,82.02982169,129.6138959,99.18165107,129.6138959,169.3837703,169.3837703,146.1878191,92.51909797,146.1878191,107.1993121,267.6403522,146.1878191,267.6403522,267.6403522,169.3837703,422.89387,146.1878191,204.8006647,,,129.6138959,204.8006647,169.3837703,204.8006647,267.6403522,267.6403522,422.89387,169.3837703,422.89387,129.6138959,422.89387,204.8006647,422.89387,204.8006647,,422.89387,204.8006647,,,422.89387,422.89387,,,,422.89387,422.89387,267.6403522,267.6403522,267.6403522,,422.89387,,204.8006647,,,,422.89387,,,,,,,,422.89387,422.89387,,,422.89387,,,,,,,,,,,,,,,,,,,,267.6403522
绿园餐厅,4.06055958,5.288818726,5.963009116,6.839574202,7.921394738,8.381374546,9.116757016,9.529645293,10.23055328,11.07744862,11.78817782,12.5436169,12.76635207,14.30960934,15.12265095,15.25484421,15.29955801,17.04658248,16.32162653,16.75831462,19.40106524,18.7749999,20.26235433,20.17189108,24.53579726,21.43379435,21.97438525,22.79197569,22.08666468,22.67049665,25.46111056,25.14302201,28.01039869,26.65937736,28.86359146,31.31716033,29.78531546,31.59213036,32.7558472,28.01039869,34.03376352,34.72134429,33.70260452,34.03376352,34.37323041,38.31027318,32.45487188,46.32066812,43.6213576,42.41311108,45.60685932,51.28137911,37.01323281,54.31254409,44.25874425,45.60685932,56.60054705,43.6213576,52.2437614,62.00393642,60.53339696,62.00393642,63.56776424,63.56776424,57.83880594,53.25289978,62.00393642,73.19048282,78.18833589,63.56776424,68.92534917,65.23474077,67.01621984,70.97744753,73.19048282,81.02881605,81.02881605,84.14398161,87.57903551,112.1502315,84.14398161,73.19048282,95.64776869,87.57903551,87.57903551,91.39009224,105.8911645,100.4423197,119.4316264,87.57903551,112.1502315,105.8911645,105.8911645,119.4316264,105.8911645,128.0322243,128.0322243,188.7118377,128.0322243,167.316789,151.1313773,119.4316264,105.8911645,112.1502315,138.3821122,119.4316264,112.1502315,218.6551709,188.7118377,188.7118377,151.1313773,188.7118377,188.7118377,188.7118377,167.316789,167.316789,264.374351,264.374351,128.0322243,151.1313773,128.0322243,218.6551709,218.6551709,218.6551709,345.4932362,345.4932362,188.7118377,218.6551709,345.4932362,345.4932362,167.316789,218.6551709,264.374351,218.6551709,264.374351,545.9078591,545.9078591,345.4932362,545.9078591,188.7118377,188.7118377,264.374351,,264.374351,345.4932362,545.9078591,,218.6551709,545.9078591
西式快餐,2.596352418,3.50085776,4.215838536,5.334813763,6.033816228,7.154771047,8.313979351,9.590871407,10.94421993,11.7291694,14.55144705,13.98070538,16.09977322,16.24207856,18.43347314,20.33492959,23.89752931,22.8216552,25.77814184,28.66683728,32.53736185,32.13086889,32.13086889,40.02094785,35.2796587,42.25320286,39.34068371,48.95761394,51.41172008,46.77830873,68.05315369,47.83677193,68.05315369,73.9135928,73.9135928,90.70377697,77.35707508,90.70377697,85.64162942,213.8181245,70.83132328,152.6245305,176.8418093,122.2305702,152.6245305,279.4246701,213.8181245,135.3208505,152.6245305,279.4246701,135.3208505,176.8418093,152.6245305,441.5140658,135.3208505,213.8181245,213.8181245,441.5140658,441.5140658,,279.4246701,279.4246701,,441.5140658,213.8181245,441.5140658,441.5140658,,279.4246701,,,441.5140658,,441.5140658,441.5140658,441.5140658,,441.5140658,,,,,,213.8181245,,,,441.5140658,441.5140658,,441.5140658,,,,,,,,,,,441.5140658,,,,441.5140658,,,,441.5140658,,,,,,,,,,,441.5140658,,,,,,,,,,,,,,,,,,,,,,,,,,,,
闵行第三餐饮外婆桥,3.607706384,4.548736484,5.26246866,6.337571078,7.088843519,8.079694602,9.339854688,9.735347183,10.43961962,11.50766142,12.50755263,12.74007418,12.95612525,14.58800863,14.29803722,17.35924471,16.19850578,17.7744039,20.38504248,18.61619225,19.88355093,19.5660211,24.78743469,24.92948352,23.10918594,24.50934646,24.78743469,26.6398547,26.6398547,27.7054141,25.98448879,28.88510095,31.67630123,30.43388287,27.8935963,32.48553153,35.26289576,38.72679246,37.08592307,39.61835608,40.08388043,41.56729674,46.30774111,42.63610661,43.19700661,41.05763923,46.30774111,48.46512354,50.05117316,55.71828885,54.66243154,54.66243154,52.69394549,52.69394549,55.71828885,46.30774111,53.65549493,57.99290579,63.33584295,68.25483954,81.80813256,72.11630785,84.7801152,64.87446231,61.88582389,70.11879373,84.7801152,81.80813256,64.87446231,70.11879373,84.7801152,88.03950004,74.26340988,100.0758649,79.08498901,72.11630785,84.7801152,100.0758649,110.7934876,105.0923838,84.7801152,105.0923838,110.7934876,100.0758649,100.0758649,110.7934876,105.0923838,228.7780013,158.1281352,133.9595869,158.1281352,105.0923838,228.7780013,133.9595869,124.9608169,158.1281352,175.0628645,144.7886318,197.4484155,276.6137903,144.7886318,158.1281352,144.7886318,144.7886318,197.4484155,110.7934876,133.9595869,228.7780013,117.3423235,158.1281352,361.4881445,110.7934876,158.1281352,276.6137903,276.6137903,276.6137903,197.4484155,276.6137903,361.4881445,175.0628645,228.7780013,228.7780013,361.4881445,,361.4881445,276.6137903,276.6137903,276.6137903,228.7780013,361.4881445,,276.6137903,158.1281352,571.1811358,361.4881445,276.6137903,276.6137903,197.4484155,361.4881445,276.6137903,571.1811358,361.4881445,571.1811358,361.4881445,276.6137903,571.1811358,361.4881445,571.1811358,361.4881445
闵行第三餐饮清真餐厅,2.418953569,3.533764674,4.809054276,5.416847446,6.969189504,7.524400227,9.029331485,8.952761971,12.00657873,13.06353488,14.02766522,14.91350847,18.97138642,20.04467892,18.97138642,23.14227953,22.73851503,26.00881437,24.4705194,31.67224886,30.79497482,37.23397643,37.23397643,34.73277442,38.6654425,48.65860462,51.53474135,63.58869049,46.15477736,43.95160807,43.95160807,63.58869049,63.58869049,63.58869049,100.4753849,69.4471722,54.88065334,69.4471722,63.58869049,63.58869049,121.4840452,86.71596672,158.7594098,86.71596672,51.53474135,69.4471722,86.71596672,54.88065334,86.71596672,76.88461565,86.71596672,158.7594098,76.88461565,100.4753849,121.4840452,100.4753849,121.4840452,250.8529848,86.71596672,86.71596672,,86.71596672,158.7594098,158.7594098,158.7594098,,121.4840452,121.4840452,158.7594098,250.8529848,69.4471722,100.4753849,158.7594098,100.4753849,158.7594098,100.4753849,121.4840452,158.7594098,158.7594098,250.8529848,158.7594098,121.4840452,158.7594098,158.7594098,,121.4840452,,250.8529848,,158.7594098,250.8529848,250.8529848,,250.8529848,,250.8529848,250.8529848,250.8529848,,,250.8529848,250.8529848,158.7594098,,250.8529848,,,,,,250.8529848,250.8529848,158.7594098,,,,,,,158.7594098,,250.8529848,,250.8529848,250.8529848,250.8529848,,250.8529848,,,,250.8529848,,,,,250.8529848,,,,158.7594098,,,,,,,,
闵行第三餐饮学生餐厅,4.204883514,5.517910769,6.326539677,7.641555153,8.885861818,9.715219758,10.31568016,11.56044658,12.70551372,11.95249242,14.00445486,14.33651669,15.46472675,16.51299373,16.9038672,18.88592559,18.66131926,19.77146588,21.68668298,22.95819422,21.26667722,20.86654756,21.90464195,23.60111631,24.73054716,24.29133139,25.50898685,24.88144137,28.2707812,26.00657181,29.60354175,26.70950683,31.65153524,25.83801229,28.2707812,31.37604816,31.10651338,33.76597787,31.65153524,27.07931252,35.88861502,35.51161726,33.44219801,36.67375578,35.51161726,37.50358101,36.27584376,40.30630687,37.93654791,47.92648955,28.69805788,37.08283136,40.30630687,37.93654791,37.50358101,38.38231064,37.50358101,41.91850651,39.8027556,45.00455247,41.36328392,41.91850651,38.38231064,43.08743365,42.4928634,45.69261707,44.34196704,45.69261707,40.82619425,42.4928634,44.34196704,49.5767485,62.12052673,45.69261707,45.69261707,46.40776809,43.08743365,42.4928634,47.15175571,53.3530349,46.40776809,43.70338187,52.34199897,45.69261707,43.08743365,59.25875668,52.34199897,51.37780704,60.64722211,59.25875668,52.34199897,51.37780704,54.41467173,59.25875668,55.53109384,51.37780704,63.68729511,56.70697699,73.32810796,69.05495428,49.5767485,60.64722211,65.35740618,81.18118015,75.72781335,55.53109384,67.14223509,71.11091134,73.32810796,63.68729511,81.18118015,67.14223509,62.12052673,71.11091134,67.14223509,81.18118015,71.11091134,63.68729511,78.33535885,69.05495428,59.25875668,71.11091134,78.33535885,71.11091134,67.14223509,91.56193937,81.18118015,78.33535885,67.14223509,75.72781335,87.74371645,100.6311884,87.74371645,84.30220337,69.05495428,78.33535885,119.656202,106.090279,71.11091134,75.72781335,71.11091134,81.18118015,65.35740618,91.56193937,95.82762183,100.6311884,100.6311884,138.6423217,91.56193937
东餐厅,3.284927082,4.316429844,5.282103264,6.728128657,7.212639589,8.716401455,9.063202182,9.82706223,10.46258608,11.69612584,11.95820935,12.8423333,14.5682348,15.23748858,15.23748858,16.15180593,17.61434501,18.95603872,18.25425116,22.25278177,20.2919477,19.46321098,20.74083784,24.07649093,25.78368089,26.05307188,32.06295397,24.07649093,28.49602777,33.01755682,29.95210739,28.84322507,29.95210739,33.52235491,39.9212839,47.94941298,37.69329035,37.0177964,39.9212839,39.14241482,59.55851312,49.2588514,55.55765457,45.57467875,46.72413722,46.72413722,55.55765457,52.17046781,53.79711248,59.55851312,53.79711248,53.79711248,49.2588514,47.94941298,50.66211643,57.47067841,70.30386428,73.82799733,64.37311304,77.83305515,70.30386428,70.30386428,61.84824951,55.55765457,82.43364966,73.82799733,57.47067841,101.7148374,82.43364966,73.82799733,67.17434948,87.78568461,94.10737167,138.7086349,77.83305515,82.43364966,64.37311304,94.10737167,82.43364966,77.83305515,111.0859143,138.7086349,101.7148374,101.7148374,122.982658,94.10737167,160.7178471,111.0859143,111.0859143,87.78568461,253.9474775,82.43364966,160.7178471,160.7178471,160.7178471,101.7148374,111.0859143,111.0859143,94.10737167,138.7086349,87.78568461,101.7148374,194.3227609,138.7086349,82.43364966,194.3227609,160.7178471,401.2579965,194.3227609,253.9474775,138.7086349,138.7086349,253.9474775,194.3227609,138.7086349,111.0859143,160.7178471,253.9474775,401.2579965,253.9474775,160.7178471,253.9474775,253.9474775,253.9474775,194.3227609,194.3227609,401.2579965,401.2579965,401.2579965,194.3227609,401.2579965,194.3227609,138.7086349,,,,401.2579965,253.9474775,401.2579965,253.9474775,194.3227609,,,,,253.9474775,,401.2579965,
西餐厅,1.988759732,3.118334129,4.491563615,5.181325423,7.192956014,8.776484915,9.485959706,15.41558891,17.4873143,16.90521487,20.43997034,20.43997034,22.46455808,25.08310638,23.68322657,30.95003189,37.42145478,30.95003189,37.42145478,77.27174059,48.90360759,28.63521419,33.80148541,33.80148541,59.12899046,48.90360759,59.12899046,48.90360759,122.0957346,77.27174059,48.90360759,59.12899046,59.12899046,122.0957346,122.0957346,,122.0957346,59.12899046,,,122.0957346,,122.0957346,122.0957346,77.27174059,122.0957346,122.0957346,77.27174059,,,,,77.27174059,,122.0957346,,,,122.0957346,,122.0957346,,,122.0957346,,,,122.0957346,122.0957346,,,122.0957346,,,,,,,,,,,,,,,,,,,,,,,,,,,,,,,,,,,,,,,,,,,,,,,,,,,,,,,,,,,,,,,,,,,,,,,,,,,,,
面点,3.665045314,4.977444708,6.081364531,7.13944823,8.278817836,9.005996144,10.29678335,10.47028562,12.05524952,12.27047095,12.68340565,14.55897122,15.0529184,14.10386225,15.6722207,16.73325464,16.92813922,17.54881119,21.43912787,19.81725923,19.2505104,23.22075244,20.9181779,25.99433233,26.90524164,22.18710103,24.38474281,24.38474281,25.99433233,22.3845341,27.55885141,29.3840451,28.253925,26.28926953,26.59277077,30.63520747,36.69070743,33.05244942,36.69070743,28.61835578,35.36941338,42.51250481,35.36941338,35.36941338,36.69070743,38.92619994,35.36941338,40.62009798,43.54526225,39.7504708,43.54526225,40.62009798,33.05244942,42.51250481,40.62009798,33.59552254,41.53921797,53.0837014,39.7504708,41.53921797,47.06538062,47.06538062,48.406159,48.406159,53.0837014,64.18311099,45.81425081,47.06538062,48.406159,51.40155532,61.50661214,56.90640382,53.0837014,67.17327014,61.50661214,64.18311099,59.09417945,67.17327014,56.90640382,56.90640382,74.3671901,61.50661214,67.17327014,67.17327014,53.0837014,67.17327014,78.76292255,74.3671901,89.91681985,54.91153929,56.90640382,64.18311099,64.18311099,61.50661214,89.91681985,89.91681985,83.87663419,78.76292255,64.18311099,132.5320122,106.1393169,117.5063048,97.18552908,117.5063048,97.18552908,89.91681985,78.76292255,242.6393297,89.91681985,242.6393297,97.18552908,117.5063048,83.87663419,89.91681985,185.6696705,106.1393169,106.1393169,153.5611658,132.5320122,106.1393169,117.5063048,153.5611658,83.87663419,185.6696705,132.5320122,89.91681985,185.6696705,153.5611658,153.5611658,153.5611658,153.5611658,383.3901887,242.6393297,,242.6393297,242.6393297,185.6696705,242.6393297,383.3901887,153.5611658,185.6696705,383.3901887,185.6696705,383.3901887,242.6393297,185.6696705,242.6393297,,242.6393297
炖品,2.64075007,3.50030301,4.50840311,5.460194933,6.417110138,8.065285905,7.857728335,9.083435052,9.620343199,10.24494751,13.29623047,14.96558924,15.24913153,16.07637398,19.26167393,18.28324311,21.68549916,21.22864877,26.12564044,23.79386759,35.42455764,34.64073404,52.45270934,40.13725751,48.52966137,37.13530797,38.07191346,54.73522193,39.07029664,60.15676891,57.28522336,46.8284451,57.28522336,63.42018315,71.52981706,71.52981706,90.51538602,76.68087467,76.68087467,60.15676891,82.8796146,76.68087467,130.9566389,60.15676891,113.023021,76.68087467,90.51538602,113.023021,113.023021,158.3387041,90.51538602,326.9543458,326.9543458,206.9223096,326.9543458,130.9566389,326.9543458,206.9223096,158.3387041,326.9543458,,158.3387041,,130.9566389,206.9223096,326.9543458,130.9566389,326.9543458,,,326.9543458,326.9543458,326.9543458,,158.3387041,,,326.9543458,,,,326.9543458,206.9223096,,326.9543458,206.9223096,326.9543458,326.9543458,,326.9543458,,206.9223096,,,,,,,,326.9543458,,,,,,206.9223096,326.9543458,,326.9543458,326.9543458,,,,,,,,,,,326.9543458,326.9543458,,,,,326.9543458,,,,,,,,,,,,,,,,,,,,,,
苏记麻辣烫,1.777051971,2.930427334,3.844346544,6.145760528,6.537074213,11.0570522,11.0570522,13.49843574,20.53901799,24.24460011,20.53901799,26.84107505,55.42426398,35.0768138,87.57491644,42.41111629,,55.42426398,,87.57491644,,87.57491644,42.41111629,,,,,55.42426398,,,87.57491644,87.57491644,,,55.42426398,,,,,,,,,,,,,,,,,,,,,,,,,,,,,,,,,,,,,,,,,,,,,,,,,,,,,,,,,,,,,,,,,,,,,,,,,,,,,,,,,,,,,,,,,,,,,,,,,,,,,,,,,,,,,,,,,,
吉姆丽德,1.410881384,2.997653092,4.490065266,7.932234346,10.74269611,19.14488271,16.97434745,35.05041108,55.3825455,35.05041108,55.3825455,,55.3825455,,,,,,,,,55.3825455,,,,,,,,,,,,,,,,,,,,,,,,,,,,,,,,,,,,,,,,,,,,,,,,,,,,,,,,,,,,,,,,,,,,,,,,,,,,,,,,,,,,,,,,,,,,,,,,,,,,,,,,,,,,,,,,,,,,,,,,,,,,,,,
教工餐厅,3.10743385,4.33426899,5.431679604,6.329602707,7.361922724,8.101708373,8.687503042,9.600443811,11.80854376,11.32226203,12.4087632,13.22679222,14.11467356,16.44800181,16.81185776,15.88341073,17.06594747,19.51563114,19.33631283,21.11778425,19.88715741,21.11778425,27.17214544,24.59760983,23.66960646,26.36895093,22.82490683,23.96905458,34.45982623,33.02281758,30.5529719,35.23955638,34.45982623,36.94137249,29.48193182,33.02281758,31.72758571,41.06508626,33.02281758,38.86625587,36.94137249,36.94137249,46.58388818,46.58388818,46.58388818,54.44937264,46.58388818,71.15625965,66.81807182,48.27622001,42.2877075,71.15625965,52.17878025,66.81807182,56.98605694,66.81807182,56.98605694,90.04267836,99.68579711,90.04267836,112.4327694,82.446784,71.15625965,59.84260613,90.04267836,76.28041638,99.68579711,66.81807182,99.68579711,99.68579711,90.04267836,71.15625965,157.5117959,90.04267836,90.04267836,63.08897751,71.15625965,112.4327694,90.04267836,112.4327694,130.2727308,157.5117959,71.15625965,157.5117959,157.5117959,112.4327694,99.68579711,157.5117959,130.2727308,205.8416782,157.5117959,205.8416782,130.2727308,112.4327694,325.246859,325.246859,157.5117959,157.5117959,130.2727308,205.8416782,205.8416782,130.2727308,325.246859,157.5117959,205.8416782,205.8416782,157.5117959,157.5117959,205.8416782,157.5117959,325.246859,205.8416782,157.5117959,,205.8416782,,,,,205.8416782,325.246859,325.246859,157.5117959,325.246859,,325.246859,,,,,,325.246859,,,,,,,,205.8416782,,,325.246859,,205.8416782,325.246859,,,325.246859
串串烧,1.96341681,2.986640033,3.918496756,5.132272665,7.008296845,8.354253273,11.66744496,11.4033824,13.38911439,18.87795326,21.36073374,23.72518312,22.23275418,29.35807106,29.35807106,44.98555466,47.90625831,38.36610829,55.50765245,47.90625831,60.62162105,218.9738488,106.045495,218.9738488,138.5837965,138.5837965,87.70667713,87.70667713,218.9738488,,138.5837965,,,106.045495,,218.9738488,138.5837965,218.9738488,218.9738488,106.045495,,218.9738488,,138.5837965,,,,138.5837965,218.9738488,,,,,,,,,,,,,,,,,,,,,,,,,,,,,,,,,,,,,,,,,,,,,,,,,,,,,,,,,,,,,,,,,,,,,,,,,,,,,,,,,,,,,,,,,,,,,,,,,,,,
麻辣烫,2.098647866,3.389805146,4.381042518,5.97443247,6.724198315,8.369833744,9.245871506,10.52531716,12.67353215,13.58618784,18.5274992,14.53497359,20.71475917,22.29261302,23.69399783,26.61059913,24.76021342,33.92010664,25.3403589,28.05418411,30.63884064,29.71242462,44.32792884,53.5965711,44.32792884,49.99620756,57.92921867,228.52676,63.26628828,49.99620756,63.26628828,91.53295183,91.53295183,78.99813881,63.26628828,91.53295183,63.26628828,144.6296267,110.6718155,110.6718155,78.99813881,91.53295183,144.6296267,144.6296267,,110.6718155,228.52676,228.52676,,228.52676,,228.52676,,144.6296267,144.6296267,144.6296267,110.6718155,110.6718155,,228.52676,,228.52676,144.6296267,228.52676,,228.52676,228.52676,228.52676,,,,228.52676,,,228.52676,,,,,228.52676,,,,,228.52676,228.52676,,,,,,,,228.52676,,144.6296267,228.52676,,,,,,,,,,,,,,,,,,,,,,,,,,,,,,,,,,,,,,,,,,,,,,,,,,,,
笼仔饭,1.633091336,3.055269821,4.466514031,6.501898719,8.368360979,9.222926142,15.75103849,15.75103849,14.72769479,20.3449261,23.78007732,43.53651564,23.78007732,39.32500504,43.53651564,49.10359516,43.53651564,56.89497345,68.79129185,68.79129185,68.79129185,142.0474669,89.89875893,,,89.89875893,,,89.89875893,,,142.0474669,,142.0474669,,,,,,142.0474669,,,,,,,,,,,,,,,,,,,,,,,,,,,,,,,,,,,,,,,,,,,,,,,,,,,,,,,,,,,,,,,,,,,,,,,,,,,,,,,,,,,,,,,,,,,,,,,,,,,,,,,,,,,,,
粉面饭,2.109394295,3.126076066,4.328945077,4.898276943,6.000383602,7.655010368,10.22825837,10.68540629,11.19768497,15.39003459,16.16149332,17.35798139,25.11333156,21.67423221,31.77895588,25.97806212,31.77895588,55.59097645,42.53868608,37.26189652,87.83833592,45.9774347,62.69947795,50.21337599,181.3777991,87.83833592,87.83833592,181.3777991,114.7900726,,,114.7900726,114.7900726,181.3777991,,181.3777991,,181.3777991,181.3777991,,,181.3777991,,114.7900726,,,181.3777991,,,181.3777991,,,,,,,,,,,,,,,,,,,,,,,,,,,,,,,,,,,,,,,,,,,,,,,,,,,,,,,,,,,,,,,,,,,,,,,,,,,,,,,,,,,,,,,,,,,,,,,,,,,
烧腊饭,1.963591966,2.88239999,3.996274562,5.499862997,6.762701299,8.161899277,11.17909314,12.19885639,12.89647523,16.97690513,16.43893145,26.82491281,30.25505462,29.48193182,31.08128228,42.38557861,33.94482801,70.09283738,70.09283738,87.52218357,59.37973989,70.09283738,253.1852185,160.2354299,160.2354299,101.409526,253.1852185,253.1852185,160.2354299,,87.52218357,,,253.1852185,,253.1852185,160.2354299,160.2354299,,,,,,,253.1852185,,253.1852185,,253.1852185,253.1852185,253.1852185,,,,,,,,253.1852185,,,,,,,,,,,,,,,,,,,,,,,,,,,,,,,,,,,,,,,,,,,,,,,,,,,,,,,,,,,,,,,,,,,,,,,,,,,,,,,,,,,,,,,,,,
甜点,1.592304433,2.883519122,4.779426465,6.014678938,7.719322642,11.98436299,13.42372797,21.21059931,17.72586322,24.32593354,28.92491747,45.70375948,64.02831904,45.70375948,83.6743469,40.52213352,83.6743469,83.6743469,83.6743469,132.2123816,83.6743469,,,132.2123816,83.6743469,,,,,,,,,,,,,,,,132.2123816,,,,,,,,,,,,,,,,,,,,,,,,,,,,,,,,,,,,,,,,,,,,,,,,,,,,,,,,,,,,,,,,,,,,,,,,,,,,,,,,,,,,,,,,,,,,,,,,,,,,,,,,,,,,
点心,2.309430722,3.3093765,4.276557545,5.414517352,6.552443533,7.86234449,7.955391386,9.39705222,11.55094294,12.28038185,13.77503692,14.93956055,17.95275084,19.58396417,21.64778295,21.41670235,26.85668155,31.23533778,30.11050076,31.8386783,36.19151933,41.20887365,42.43577584,54.64002445,82.73546738,37.0707209,57.18559083,48.44525683,60.05214209,71.40540981,82.73546738,112.8264473,130.7288744,130.7288744,130.7288744,130.7288744,112.8264473,130.7288744,326.385695,206.5624228,130.7288744,112.8264473,206.5624228,326.385695,206.5624228,158.0633157,158.0633157,326.385695,100.0348421,,,206.5624228,158.0633157,,,,,,326.385695,206.5624228,,,,326.385695,326.385695,,326.385695,,,,,,326.385695,,326.385695,326.385695,,,,,,,,,,,,,,,,326.385695,,,,,,,,,,,,,,,,,,,,,,,,,,,,,,,,,,,,,,,,,,,,,,,,,,,,,,,,,
炒面,2.035119521,3.074984796,4.064378179,5.273394124,6.528752424,8.516210882,9.367740105,9.813148881,16.42209784,15.09340407,20.26321796,22.66769275,19.46844732,23.8488255,30.76175532,28.58446216,41.00041281,50.590388,30.76175532,79.936993,46.80662694,50.590388,68.9901674,96.65122737,96.65122737,55.25132472,79.936993,79.936993,,96.65122737,199.5755807,79.936993,,,,126.3070536,199.5755807,,96.65122737,,,,199.5755807,199.5755807,199.5755807,,,,,,,,,,,,,,199.5755807,,,,,,,,,,,,,,,,,,,,,,,,,,,,,,,,,,,,,,,,,,,,,,,,,,,,,,199.5755807,,,,,,,,,,,,,,,,,,,,,,,,,,,,,,,,,,,,
土豆粉,2.225547969,3.248850389,4.387977413,5.288622599,5.685518516,8.399158509,9.502364662,9.166281985,11.32681595,13.6221755,14.92262085,17.89730506,16.83079875,20.25111318,24.80759027,24.80759027,25.4850545,27.83301487,34.75399667,34.75399667,40.26849177,40.26849177,63.62754413,42.64870159,57.47252525,71.7636936,83.15060086,83.15060086,48.68833575,100.5367769,71.7636936,,207.5988704,131.3848196,83.15060086,,207.5988704,83.15060086,207.5988704,131.3848196,,207.5988704,,,,207.5988704,,207.5988704,207.5988704,,207.5988704,207.5988704,131.3848196,207.5988704,,,,,,,,,,,,,207.5988704,,,,,,,,,,,,,,,,,,,,,,,,,,,,,,,,,,,207.5988704,,,,,,,,,,,,,,,,,,,,,,,,,,,,,,,,,,,,,,,,,,,,,,,
烤肉,2.332077299,3.320907599,4.396239291,5.516083889,6.65866293,7.162222374,9.485935601,9.969923691,11.00123363,13.74950487,15.75330318,15.1566984,15.75330318,16.84312759,19.30391876,22.92865534,24.3149842,25.09145391,31.53410387,28.95636031,33.89071745,33.05697338,50.99395177,32.27296535,46.69216202,44.86078659,56.45514797,53.55013375,63.67415238,44.86078659,73.77747387,59.79212662,89.20379832,116.5745045,184.1973489,100.6104218,116.5745045,116.5745045,100.6104218,116.5745045,73.77747387,140.9493717,184.1973489,184.1973489,291.0470304,184.1973489,116.5745045,89.20379832,291.0470304,184.1973489,116.5745045,184.1973489,291.0470304,291.0470304,140.9493717,291.0470304,140.9493717,291.0470304,,291.0470304,291.0470304,,,,,184.1973489,184.1973489,140.9493717,291.0470304,,,291.0470304,291.0470304,,,291.0470304,,,,,,291.0470304,,,,291.0470304,,,,291.0470304,,291.0470304,,,,,,,,,,,,291.0470304,,,,,,,,,,,,,,,,,,,,,,,,,,,,,,,,,,,,,,,,,,,,,291.0470304
粥档,2.847436876,3.778800328,5.059132815,5.681884342,6.691299731,7.386723288,8.432783418,8.719411623,10.8013544,11.29818943,11.80315749,13.73816772,13.28842773,14.95529464,14.58039252,20.77268196,16.61071704,17.41289473,20.34193696,21.46390608,19.35667182,21.46390608,25.66556492,28.20775002,30.88125927,29.20504966,32.14194112,33.54061788,41.15969212,31.49574507,42.44302725,50.78692266,61.40609279,39.96968404,52.99694749,52.99694749,55.46596629,61.40609279,58.24631766,69.25818194,153.310203,87.64080954,80.24753401,80.24753401,80.24753401,153.310203,69.25818194,74.2456529,109.4336498,87.64080954,126.7977341,153.310203,316.57097,97.02670021,87.64080954,153.310203,97.02670021,200.3508964,109.4336498,200.3508964,126.7977341,126.7977341,87.64080954,153.310203,200.3508964,153.310203,200.3508964,200.3508964,200.3508964,200.3508964,316.57097,316.57097,126.7977341,316.57097,,,316.57097,316.57097,316.57097,153.310203,,,200.3508964,316.57097,,,,316.57097,316.57097,,,,,,316.57097,,200.3508964,,,,316.57097,,,,,,,,,,316.57097,,,,316.57097,,,,,316.57097,,,,,,,,,,,,,,,,,,,,,,,,,,,,,
风味煲仔饭,2.231717932,3.3463293,4.296056776,5.535104518,6.169471365,7.133643904,8.776762436,10.3811848,11.57210672,13.53569186,15.3712934,14.76839544,15.76398181,19.6838673,20.42620079,24.2879136,24.6971684,30.03081544,28.14173168,33.12145432,44.46626123,48.56297679,53.76382778,76.73351579,56.94172655,48.56297679,53.76382778,50.9973009,134.2300573,65.00544676,65.00544676,134.2300573,277.1722859,84.95129005,175.4163243,134.2300573,277.1722859,111.0171846,134.2300573,175.4163243,277.1722859,,95.81413888,175.4163243,,,,277.1722859,277.1722859,,,277.1722859,277.1722859,,,,,,,,277.1722859,,,277.1722859,,,277.1722859,,,,277.1722859,,,,,,,,,,,,,,,,,,,,,,,,,,,,,,,,,,,,,,,,,,,,,,,,,,,,,,,,,,,,,,,,,,,,,,,,,,,,,,
后发定额卡（第四餐饮）,1.306833416,2.064904773,,,,,,,,,,,,,,,,,,,,,,,,,,,,,,,,,,,,,,,,,,,,,,,,,,,,,,,,,,,,,,,,,,,,,,,,,,,,,,,,,,,,,,,,,,,,,,,,,,,,,,,,,,,,,,,,,,,,,,,,,,,,,,,,,,,,,,,,,,,,,,,,,,,
一楼快餐厅,2.467312128,3.787264122,4.877608096,6.30882355,6.805766035,7.885652295,9.489156705,10.63199388,12.64204496,13.12807037,13.33600796,16.89487221,15.99751862,15.21113093,19.97547557,22.73025192,23.57938522,22.33367609,25.0160307,23.57938522,31.10835276,28.69029258,25.0160307,30.24669781,35.28905351,30.24669781,39.52739542,30.24669781,30.24669781,35.28905351,43.16908895,43.16908895,47.79228163,50.61721132,43.16908895,57.78529445,68.21072733,57.78529445,39.52739542,62.45655066,68.21072733,85.1720664,53.90355233,85.1720664,68.21072733,45.33303278,62.45655066,98.68651044,45.33303278,62.45655066,62.45655066,75.51575375,85.1720664,85.1720664,68.21072733,62.45655066,155.9328403,75.51575375,62.45655066,98.68651044,119.3211303,155.9328403,62.45655066,85.1720664,155.9328403,119.3211303,75.51575375,246.3867715,119.3211303,246.3867715,246.3867715,155.9328403,119.3211303,119.3211303,155.9328403,246.3867715,68.21072733,68.21072733,155.9328403,119.3211303,246.3867715,119.3211303,155.9328403,,246.3867715,155.9328403,246.3867715,246.3867715,155.9328403,246.3867715,,155.9328403,155.9328403,246.3867715,246.3867715,246.3867715,246.3867715,246.3867715,,119.3211303,246.3867715,155.9328403,,,,,,155.9328403,,,,246.3867715,,,246.3867715,119.3211303,,119.3211303,246.3867715,,,246.3867715,,,155.9328403,155.9328403,,,,,246.3867715,,,,,,,,,,,,,,,246.3867715,,246.3867715,
二楼快餐厅,2.990101294,4.029711805,5.023191583,6.771452021,7.522448516,9.364263709,9.852202146,10.80066777,11.55897543,12.7080066,12.96087484,18.03739101,16.93770434,17.74581577,16.81185776,17.60441388,18.49818986,22.82490683,20.07970041,19.33631283,22.55982396,20.89942455,28.5005681,25.62291436,26.76297231,25.62291436,30.00543818,31.72758571,26.76297231,26.36895093,25.62291436,28.98080673,39.92764465,30.5529719,41.06508626,33.72208302,39.92764465,30.5529719,43.60621349,32.358912,37.87308665,37.87308665,59.84260613,46.58388818,37.87308665,45.03325243,38.86625587,42.2877075,39.92764465,42.2877075,45.03325243,50.13220687,50.13220687,71.15625965,42.2877075,56.98605694,42.2877075,66.81807182,71.15625965,76.28041638,46.58388818,56.98605694,71.15625965,99.68579711,54.44937264,76.28041638,66.81807182,59.84260613,82.446784,99.68579711,82.446784,90.04267836,63.08897751,99.68579711,99.68579711,71.15625965,99.68579711,82.446784,130.2727308,90.04267836,112.4327694,99.68579711,157.5117959,112.4327694,76.28041638,90.04267836,76.28041638,112.4327694,112.4327694,112.4327694,325.246859,157.5117959,157.5117959,205.8416782,99.68579711,112.4327694,,112.4327694,205.8416782,325.246859,325.246859,325.246859,157.5117959,157.5117959,205.8416782,325.246859,205.8416782,112.4327694,325.246859,205.8416782,325.246859,,205.8416782,205.8416782,157.5117959,130.2727308,205.8416782,157.5117959,325.246859,157.5117959,325.246859,157.5117959,205.8416782,325.246859,325.246859,325.246859,,205.8416782,325.246859,205.8416782,,157.5117959,325.246859,325.246859,325.246859,,205.8416782,,,,,325.246859,,325.246859,325.246859,,,325.246859,157.5117959
二楼面馆,2.51377505,3.517513744,4.400804927,5.434510737,6.045802537,7.515754405,8.448947309,9.346116581,10.90748061,11.27875435,12.6153319,12.84876122,16.86969312,17.48936983,19.24366053,21.30455996,27.84151087,21.74166416,26.28768543,28.26717353,31.78424614,28.70959289,33.00619647,37.51865535,39.39935899,62.25424253,54.2815671,45.36352886,59.28257538,62.25424253,54.2815671,54.2815671,85.76936097,56.64366359,65.63144155,79.35449086,69.51081708,85.76936097,93.67136725,103.7031004,214.1370269,93.67136725,163.8594669,103.7031004,79.35449086,93.67136725,135.5226769,163.8594669,214.1370269,338.3541953,338.3541953,214.1370269,163.8594669,163.8594669,214.1370269,214.1370269,338.3541953,,338.3541953,338.3541953,214.1370269,,163.8594669,338.3541953,,214.1370269,338.3541953,,338.3541953,,338.3541953,,338.3541953,,,,338.3541953,,,,,338.3541953,,338.3541953,,,338.3541953,,,,,,,,,338.3541953,,,,338.3541953,,,,,,,,338.3541953,,,,338.3541953,,,,,,,,,,,,,,,,,,,,,,,,,,,,,,,,,,,,,
中西餐厅,1.570621873,2.706657421,5.199377809,5.052275786,9.519009977,19.65584913,12.43976033,25.68692047,25.68692047,64.13153506,64.13153506,64.13153506,31.05786567,64.13153506,64.13153506,40.58745669,,40.58745669,64.13153506,,,,64.13153506,,,,,,,,,,,,,,,,,,,,,,,,,,,,,,,,,,,,,,,,,,,,,,,,,,,,,,,,,,,,,,,,,,,,,,,,,,,,,,,,,,,,,,,,,,,,,,,,,,,,,,,,,,,,,,,,,,,,,,,,,,,,,,
六餐东一楼餐厅,3.170293962,4.797457173,5.862501506,7.402562048,8.742588449,9.605135754,9.980657462,10.99789864,13.87814144,13.38509277,13.15460891,15.34066296,15.8598598,17.04510232,17.04510232,19.62534445,19.0319397,17.96977349,18.75173947,20.26759537,21.33775291,21.33775291,19.62534445,28.39372684,23.98076878,20.26759537,29.20259516,25.64705593,25.64705593,23.01137761,21.7271203,26.93267,34.33064525,37.10587105,24.50539975,33.12717812,34.33064525,25.05988888,42.55584388,25.64705593,27.63894195,35.6504923,33.12717812,30.07203722,40.52446742,34.33064525,38.72055633,29.20259516,58.63034208,35.6504923,47.51630347,44.86443441,38.72055633,47.51630347,37.10587105,47.51630347,50.6013169,64.03200681,40.52446742,32.02447527,70.88951324,58.63034208,54.24525602,64.03200681,42.55584388,50.6013169,40.52446742,58.63034208,58.63034208,47.51630347,47.51630347,92.64078475,79.95426157,58.63034208,58.63034208,58.63034208,92.64078475,70.88951324,47.51630347,70.88951324,58.63034208,79.95426157,64.03200681,231.2926433,146.3800942,79.95426157,231.2926433,92.64078475,112.0112881,79.95426157,112.0112881,112.0112881,146.3800942,70.88951324,79.95426157,50.6013169,146.3800942,79.95426157,92.64078475,79.95426157,146.3800942,112.0112881,112.0112881,70.88951324,146.3800942,231.2926433,64.03200681,112.0112881,112.0112881,112.0112881,231.2926433,,112.0112881,112.0112881,146.3800942,112.0112881,,79.95426157,146.3800942,92.64078475,231.2926433,92.64078475,146.3800942,,70.88951324,92.64078475,112.0112881,146.3800942,,,,,,231.2926433,,,,231.2926433,,112.0112881,146.3800942,231.2926433,146.3800942,,231.2926433,231.2926433,231.2926433,,231.2926433
六餐面馆,2.618940333,3.68673426,4.985433452,6.334671621,7.184265224,8.111928668,8.058298514,10.70830016,10.70830016,11.41513426,11.81515038,12.25240313,13.26351904,12.73277746,16.11233349,17.09402622,18.66891381,18.24150526,21.2570493,28.18532977,29.49842632,29.49842632,23.31114224,36.83353079,23.31114224,42.67799027,32.65755967,34.58789877,42.67799027,25.95057967,42.67799027,58.20002197,39.48601401,46.60995086,67.43475084,58.20002197,58.20002197,67.43475084,46.60995086,67.43475084,168.3617191,106.552478,58.20002197,81.53485878,168.3617191,67.43475084,81.53485878,67.43475084,67.43475084,106.552478,81.53485878,,81.53485878,81.53485878,81.53485878,168.3617191,106.552478,,168.3617191,168.3617191,81.53485878,,168.3617191,168.3617191,106.552478,,168.3617191,,,,,168.3617191,168.3617191,,,168.3617191,,,168.3617191,168.3617191,,,,,,,,,168.3617191,,168.3617191,168.3617191,,,168.3617191,,,,,,,168.3617191,,,168.3617191,168.3617191,,,,,,,,,,,,,,,,,,,,,,,,,,,,,,,,,,,,168.3617191,,,,,,,
甜魔咖啡,2.479447592,3.279704061,4.12105665,5.094681379,5.534188513,7.048744768,8.850237323,11.37344024,10.18055428,12.99432203,14.55498671,14.55498671,17.59832685,22.53571781,19.2196761,22.53571781,27.06762745,24.54188505,33.62100899,32.44241829,31.36250901,30.36867624,78.30155616,62.70842452,41.67618754,57.41841564,78.30155616,109.6959435,109.6959435,109.6959435,53.1239721,90.72584084,109.6959435,69.42418193,90.72584084,226.5116774,78.30155616,,143.3543246,90.72584084,90.72584084,,,,,226.5116774,226.5116774,143.3543246,,,226.5116774,,226.5116774,,226.5116774,226.5116774,,,,143.3543246,,,,,226.5116774,,,,,226.5116774,226.5116774,,,,,226.5116774,226.5116774,,,,,,,,,226.5116774,,,,,,,,,,,,,,226.5116774,,,,,,,,,,,,,,,,,,,,,,,,226.5116774,,,,,,,,,,,,,,,,,,,,,,,,,
闵行三餐时光咖啡,1.598485124,2.949519237,4.404000019,6.060663067,7.292296436,11.09584922,12.51469209,13.09772586,29.94199997,47.31083387,47.31083387,47.31083387,74.75502652,47.31083387,,,74.75502652,,74.75502652,74.75502652,,,74.75502652,74.75502652,,,,,,,,,,,,,,,,,,,,,,,,,,,,,,,,,,,,,,,,,,,,,,,,,,,,,,,,,,,,,,,,,,,,,,,,,,,,,,,,,,,,,,,,,,,,,,,,,,,,,,,,,,,,,,,,,,,,,,,,,,,,,
六餐伊诺咖啡,1.511839232,2.715421128,4.750090359,5.503797919,11.36481859,28.37410046,17.95735238,11.36481859,,,,,28.37410046,,,,,,,,,,,,,,,,,,,,,,,,,,,,,,,,,,,,,,,,,,,,,,,,,,,,,,,,,,,,,,,,,,,,,,,,,,,,,,,,,,,,,,,,,,,,,,,,,,,,,,,,,,,,,,,,,,,,,,,,,,,,,,,,,,,,,,,,
达通一餐蔬菜店,1.52510971,3.08865986,5.025638935,5.025638935,6.201133262,11.84705563,15.48212818,24.46304171,,24.46304171,,,,,,,,,,,,,,,,,,,,,,,,,,,,,,,,,,,,,,,,,,,,,,,,,,,,,,,,,,,,,,,,,,,,,,,,,,,,,,,,,,,,,,,,,,,,,,,,,,,,,,,,,,,,,,,,,,,,,,,,,,,,,,,,,,,,,,,,,,,
达通一餐水果店,2.110137431,2.920367721,3.893368946,5.29102853,6.021828117,7.353258825,9.982263692,11.1184337,12.64811511,14.15575199,16.21575658,22.03043925,23.4607736,32.86718454,31.17593686,28.36624795,58.57360078,82.05822105,107.2364253,67.86760624,169.4424123,,107.2364253,169.4424123,,169.4424123,107.2364253,169.4424123,,107.2364253,107.2364253,,169.4424123,,107.2364253,,,169.4424123,,,,,,,,,,,,,,,,,,,,,169.4424123,,,,,,,,,,,,,,,,,,,,,,,,,,,,,,,,,,,,,,,,,,,,,,,,,,,,,,,,,,,,,,,,,,,,,,,,,,,,,,,,,,,,,,,,,,
浓清水果店（哈乐餐厅）,2.98342925,3.597936146,4.474165713,5.497688838,5.889317163,6.308340398,7.20813468,8.31098275,10.13147479,9.108517061,11.06489643,15.03257201,12.52707229,14.59795063,16.55979231,19.35584035,20.25758915,27.11641089,32.00866461,22.42707524,29.30845134,32.00866461,55.99280628,55.99280628,32.00866461,29.30845134,55.99280628,39.96796713,46.3097747,46.3097747,115.6198129,46.3097747,73.17327031,55.99280628,55.99280628,,55.99280628,73.17327031,73.17327031,115.6198129,73.17327031,115.6198129,,,,,115.6198129,,,,115.6198129,,73.17327031,,,,,,,,,,115.6198129,,,,,,,,,,,,,,,,,,,,,,,,,,,,,,,,,,,,,,115.6198129,115.6198129,,,,,,,,,,,,,,,,,,,,,,,,,,,,,,,,,,,,,,,,,,,,,,115.6198129,
面包房1,1.261022129,4.263831721,4.263831721,8.804406472,,,8.804406472,,,,,,,,,,,,,,,,,,,,,,,,,,,,,,,,,,,,,,,,,,,,,,,,,,,,,,,,,,,,,,,,,,,,,,,,,,,,,,,,,,,,,,,,,,,,,,,,,,,,,,,,,,,,,,,,,,,,,,,,,,,,,,,,,,,,,,,,,,,,,,
梦园面包房2,2.557151204,3.556914316,4.497628832,5.477584039,6.357414933,7.552965264,8.606882764,10.78546127,10.55562269,10.92256696,12.84059754,12.39046802,14.2739755,15.73997903,17.6548952,18.01340441,22.99618396,24.20397128,32.32254507,21.34640329,33.4355114,32.86718454,44.07829003,37.45123626,34.0292209,34.65017987,36.69829975,36.69829975,51.07229182,56.85502513,52.83087058,64.6279887,64.6279887,49.45388441,86.50975612,59.17604765,80.69844085,61.75113053,71.5493218,93.50304463,93.50304463,147.7425361,93.50304463,75.77849431,233.4454141,147.7425361,127.5102042,233.4454141,233.4454141,113.0538401,178.6344083,127.5102042,127.5102042,233.4454141,127.5102042,233.4454141,178.6344083,147.7425361,233.4454141,233.4454141,233.4454141,368.8630423,368.8630423,368.8630423,178.6344083,368.8630423,368.8630423,178.6344083,178.6344083,233.4454141,368.8630423,368.8630423,,368.8630423,,,,233.4454141,,368.8630423,368.8630423,368.8630423,,,,,,368.8630423,,,,,,,233.4454141,,233.4454141,,368.8630423,368.8630423,,,,,,,,,,,,,,,,,,,,,368.8630423,,,,,,,,,,,,368.8630423,,,,,,,,,,,,,,,,
教育超市,3.393883512,4.580386229,5.844136755,6.224861499,7.613629358,8.19580435,9.533446452,9.972935699,10.96863161,12.70904915,14.53057759,15.29781252,16.49769505,15.86929242,17.86485097,17.66611576,18.60728005,21.88936124,20.08134773,22.05898754,20.78755065,22.77204083,24.61289045,27.45897839,22.40838334,26.60255094,27.76017765,27.45897839,28.06982717,32.16494771,28.71604741,27.45897839,28.06982717,29.75926391,32.6150073,34.58699934,28.06982717,30.50983504,36.27792779,33.56462561,38.1934534,35.69149347,41.18915344,36.27792779,45.90687875,36.27792779,43.86337434,36.27792779,43.86337434,47.02209581,49.47224978,52.27110662,53.8273621,48.2080602,47.02209581,48.2080602,59.29590335,52.27110662,48.2080602,48.2080602,45.90687875,57.32212333,72.53666142,52.27110662,59.29590335,59.29590335,53.8273621,66.41755404,59.29590335,55.50566776,63.81250276,53.8273621,55.50566776,76.17271825,66.41755404,76.17271825,69.30775562,69.30775562,59.29590335,80.30497366,85.05167954,61.45004609,85.05167954,114.6139183,114.6139183,126.8884935,76.17271825,97.09615006,90.57369103,61.45004609,85.05167954,97.09615006,90.57369103,114.6139183,85.05167954,90.57369103,76.17271825,104.9452231,114.6139183,85.05167954,126.8884935,85.05167954,72.53666142,126.8884935,143.1139154,165.8221234,90.57369103,114.6139183,85.05167954,126.8884935,165.8221234,143.1139154,104.9452231,85.05167954,76.17271825,165.8221234,165.8221234,165.8221234,200.4943037,126.8884935,200.4943037,114.6139183,126.8884935,200.4943037,414.0016446,126.8884935,165.8221234,90.57369103,126.8884935,143.1139154,200.4943037,200.4943037,414.0016446,143.1139154,165.8221234,114.6139183,200.4943037,262.0126558,262.0126558,126.8884935,114.6139183,200.4943037,414.0016446,143.1139154,414.0016446,414.0016446,165.8221234,262.0126558,143.1139154
北区教育超市,3.262513051,4.485036851,5.756926513,6.57745077,7.874854039,8.944072921,10.13765371,10.26884066,12.33602959,12.81675325,13.01453845,15.34221169,15.78473179,15.91715841,16.62378327,17.33161815,20.00995643,19.00639219,20.2515291,25.25671544,27.65052786,20.75746774,22.98048831,22.98048831,23.68047073,24.051102,27.38538867,24.63537608,31.80679677,26.87378256,24.43667801,31.43078379,33.43204886,33.87186472,31.06575439,27.12655248,36.31107027,34.32652941,33.00631972,30.36665681,34.79686293,32.59396802,39.24638996,36.85365301,38.61197031,37.41710032,35.28374891,39.9076972,40.59776593,46.43661893,44.55947945,48.52623873,44.55947945,36.31107027,39.9076972,52.15271227,56.54821978,52.15271227,47.45252,47.45252,45.47370325,52.15271227,71.85220834,43.69011861,52.15271227,62.01253882,58.23181675,66.47823121,58.23181675,60.04745073,49.66323532,74.97890231,64.1478245,64.1478245,49.66323532,86.87597399,66.47823121,86.87597399,82.40559443,71.85220834,71.85220834,74.97890231,86.87597399,60.04745073,71.85220834,92.01108179,92.01108179,123.9922676,123.9922676,74.97890231,78.47201517,113.5324259,113.5324259,105.041098,123.9922676,137.2712169,123.9922676,113.5324259,113.5324259,123.9922676,105.041098,123.9922676,105.041098,137.2712169,97.98493504,283.451991,123.9922676,154.8242932,105.041098,137.2712169,113.5324259,113.5324259,154.8242932,97.98493504,137.2712169,216.8998646,123.9922676,283.451991,123.9922676,105.041098,447.8775657,113.5324259,105.041098,216.8998646,113.5324259,283.451991,216.8998646,216.8998646,123.9922676,123.9922676,283.451991,154.8242932,283.451991,216.8998646,,,179.3906133,216.8998646,283.451991,447.8775657,447.8775657,216.8998646,283.451991,283.451991,137.2712169,283.451991,283.451991,283.451991,447.8775657
百味林,1.760074552,2.845807137,4.134907717,5.102060477,8.061677105,8.60283724,12.73811591,16.31192488,20.12727561,27.44758775,50.25098602,21.98161913,24.33574017,79.40070984,,31.80275846,,,,,79.40070984,79.40070984,,,50.25098602,79.40070984,,,,,79.40070984,,,,,79.40070984,,,,,,,,,,,,,,,,,,,,,,,,,,,,,,,,,,,,,,,,,,,,,,,,,,,,,,,,,,,,,,,,,,,,,,,,,,,,,,,,,,,,,,,,,,,,,,,,,,,,,,,,,,,,,,,,,
达通闵行四餐水果吧,2.227846081,3.104244229,4.343549355,4.910977706,6.4495181,7.036265729,8.059238563,10.50480455,12.05491264,12.66851426,15.98395353,19.23217412,24.20276856,20.44116997,24.20276856,24.20276856,30.38842414,49.97641232,49.97641232,36.27453508,31.62898672,46.23857179,60.42611072,,68.1528881,95.47824757,95.47824757,124.7741644,197.1534891,124.7741644,78.9668607,197.1534891,197.1534891,95.47824757,124.7741644,197.1534891,,124.7741644,197.1534891,,197.1534891,197.1534891,197.1534891,124.7741644,,,,,,,,,,,197.1534891,,,,,,,,,,,197.1534891,,,,,,,,,,,,,,,,,,,,,,,,,,,,,,,,,,,,,,,,,,,,,,,,,,,,,,,,,,,,,,,,,,,,,,,,,,,,,,,,,,,
闵行四餐面包房,1.268204099,3.668675973,5.407408866,8.544152789,24.71662729,9.8998728,24.71662729,,,,,,,,,,,,,,,,,,,,,,,,,,,,,,,,,,,,,,,,,,,,,,,,,,,,,,,,,,,,,,,,,,,,,,,,,,,,,,,,,,,,,,,,,,,,,,,,,,,,,,,,,,,,,,,,,,,,,,,,,,,,,,,,,,,,,,,,,,,,,,
第五餐饮教育超市,2.358224074,3.450401015,4.459190823,5.198345413,7.500036249,8.47553788,8.732515462,9.127396884,11.51777345,13.31440113,12.73155208,16.28750306,14.7119293,19.48947122,19.90216507,19.09764612,32.13503749,24.95744212,23.56457559,26.57781321,29.58712413,28.49175417,76.88461565,33.6321428,45.01932568,48.65860462,41.99514082,45.01932568,45.01932568,41.99514082,76.88461565,48.65860462,66.35579229,66.35579229,53.14156444,121.4840452,58.83275917,92.96062048,191.9548289,121.4840452,58.83275917,191.9548289,66.35579229,191.9548289,76.88461565,121.4840452,121.4840452,76.88461565,,,191.9548289,191.9548289,191.9548289,191.9548289,191.9548289,121.4840452,,121.4840452,,191.9548289,191.9548289,,191.9548289,,121.4840452,191.9548289,121.4840452,,121.4840452,191.9548289,191.9548289,,191.9548289,,,191.9548289,,191.9548289,191.9548289,,,,,,,,,,,,191.9548289,,,,,,,,,,191.9548289,,,,,,,,,,,,,,,,,,,,,,,,,,,,,,,,,,,,,,,,,,,,,,,,
闵行教育超市,3.100083855,4.037786148,4.990356735,5.923180313,6.816791302,7.810514651,8.474452667,10.16508016,10.90776342,13.14562356,13.35467536,14.85747555,15.6512346,18.44822881,17.47559782,20.24849038,21.44534811,22.17741227,21.21456207,24.98460172,24.64689612,24.98460172,27.72389862,28.1794202,31.67831513,28.41433944,31.37007538,32.65071242,32.65071242,35.24471798,37.92932626,43.11485332,37.92932626,41.81120442,38.94413229,39.47773504,38.42830613,44.52581221,48.62801425,49.56731101,42.45044663,42.45044663,44.52581221,50.55361821,62.37808317,47.73223764,50.55361821,57.7126957,56.34393105,49.56731101,49.56731101,46.0589752,60.71989877,56.34393105,50.55361821,51.59082335,66.06515759,53.83583042,68.12503056,60.71989877,66.06515759,64.15508324,78.32044682,64.15508324,70.35446218,75.42087928,78.32044682,66.06515759,81.51776351,64.15508324,89.0280664,68.12503056,81.51776351,75.42087928,81.51776351,64.15508324,93.49079053,93.49079053,89.0280664,78.32044682,104.3884075,72.77698639,111.1658632,119.1712208,119.1712208,104.3884075,111.1658632,119.1712208,111.1658632,119.1712208,81.51776351,98.56252531,98.56252531,140.6717007,155.7369336,,140.6717007,155.7369336,111.1658632,119.1712208,111.1658632,111.1658632,119.1712208,104.3884075,104.3884075,111.1658632,155.7369336,203.5222289,155.7369336,128.8048017,128.8048017,246.0772226,321.5819375,128.8048017,203.5222289,508.1260315,246.0772226,175.6512488,321.5819375,246.0772226,203.5222289,246.0772226,246.0772226,175.6512488,,246.0772226,246.0772226,321.5819375,321.5819375,155.7369336,155.7369336,321.5819375,175.6512488,175.6512488,246.0772226,,321.5819375,246.0772226,,508.1260315,,,321.5819375,508.1260315,321.5819375,175.6512488,321.5819375,321.5819375,203.5222289
教育超市,4.533230259,5.798704068,6.397277891,8.020742084,9.227336953,9.429204825,9.429204825,9.570101907,12.18870132,12.18870132,12.18870132,11.68832585,12.60122164,14.47739886,13.5429389,13.05075843,13.37374543,13.89808371,19.91097135,17.92664593,15.12155173,16.10332402,20.37749641,17.2629684,17.92664593,22.55982396,16.37466732,19.91097135,20.37749641,20.87252749,23.20249855,21.39896243,23.20249855,25.44458248,20.37749641,23.89330113,25.44458248,24.63828029,28.32558173,28.32558173,24.63828029,28.32558173,37.75338994,32.19812799,37.75338994,32.19812799,24.63828029,33.81212871,43.09978163,40.20454264,40.20454264,43.09978163,43.09978163,35.64638584,50.87570256,32.19812799,43.09978163,40.20454264,56.32423486,56.32423486,37.75338994,37.75338994,46.58388818,46.58388818,73.60639225,63.52649922,63.52649922,43.09978163,46.58388818,73.60639225,37.75338994,43.09978163,73.60639225,88.9969448,73.60639225,88.9969448,56.32423486,116.3041814,63.52649922,116.3041814,116.3041814,183.7702161,183.7702161,183.7702161,183.7702161,73.60639225,73.60639225,183.7702161,116.3041814,116.3041814,116.3041814,116.3041814,116.3041814,116.3041814,116.3041814,88.9969448,88.9969448,,88.9969448,,88.9969448,88.9969448,183.7702161,183.7702161,183.7702161,116.3041814,,116.3041814,116.3041814,,183.7702161,,,183.7702161,116.3041814,,183.7702161,116.3041814,,,183.7702161,,183.7702161,116.3041814,,,,183.7702161,,116.3041814,183.7702161,,,,,,,183.7702161,183.7702161,,,,,,,,,,
闵行西区浴室,4.854649429,6.125789854,6.368362893,7.842522484,8.96875022,10.32995772,9.705417486,11.69261753,12.22482729,13.5600742,16.32218669,14.93416864,16.03741269,18.60904937,17.96356349,18.74525923,21.14224364,20.26059128,21.33037899,26.26102212,23.23639185,23.47538504,23.23639185,27.62939047,23.97248149,26.26102212,30.06164491,32.55283871,33.11573002,30.52125071,27.27063124,29.61905839,31.49591006,29.19250331,33.11573002,34.96283155,32.55283871,29.19250331,34.31878125,29.61905839,32.55283871,27.62939047,39.58301112,37.09304798,33.11573002,42.54113741,33.11573002,40.51046295,32.55283871,34.96283155,44.84893014,28.78106901,36.34731265,32.01340823,32.01340823,36.34731265,30.52125071,34.31878125,34.31878125,29.19250331,29.61905839,40.51046295,28.00026194,33.70376121,33.11573002,32.01340823,37.09304798,39.58301112,32.55283871,35.63817218,39.58301112,35.63817218,42.54113741,33.11573002,34.96283155,37.87850145,46.12656722,33.11573002,33.70376121,44.84893014,35.63817218,39.58301112,34.31878125,42.54113741,38.70717526,42.54113741,46.12656722,44.84893014,54.22650992,33.70376121,41.49458474,56.31125661,44.84893014,47.49988276,54.22650992,44.84893014,42.54113741,46.12656722,67.21851202,44.84893014,54.22650992,47.49988276,61.16053504,40.51046295,54.22650992,48.98090132,61.16053504,58.61008058,47.49988276,79.92663094,50.58383007,67.21851202,61.16053504,64.00987859,85.68236607,79.92663094,61.16053504,58.61008058,70.8650152,61.16053504,111.9725792,67.21851202,56.31125661,58.61008058,70.8650152,67.21851202,101.1408969,92.6087699,92.6087699,64.00987859,70.8650152,67.21851202,92.6087699,61.16053504,70.8650152,79.92663094,70.8650152,70.8650152,85.68236607,101.1408969,92.6087699,92.6087699,101.1408969,70.8650152,70.8650152,85.68236607,67.21851202,92.6087699,146.3295081
闵行北区浴室,5.51616293,7.043209701,8.937123126,10.07992646,11.96305746,12.84199577,12.18756457,14.9560872,14.9560872,16.23476419,16.39428563,16.07909004,17.07407184,16.39428563,21.01269217,20.43067195,18.23998439,18.90261921,19.13726158,21.01269217,21.31972547,18.67508091,19.37937026,19.62933338,21.63829816,21.63829816,20.71654277,23.43145333,23.0431726,23.83662112,24.70257444,19.88756739,22.67067869,24.70257444,23.43145333,24.70257444,19.62933338,19.88756739,24.70257444,23.0431726,21.31972547,24.25988452,25.16616026,23.0431726,23.0431726,24.25988452,30.62100621,27.86132967,26.16270636,25.65226879,26.16270636,22.31296764,28.49175417,23.83662112,22.67067869,26.16270636,26.16270636,25.16616026,22.31296764,24.25988452,21.96912129,25.16616026,31.42399966,30.62100621,21.96912129,30.62100621,32.28214974,23.83662112,33.20178977,30.62100621,30.62100621,30.62100621,34.19029892,30.62100621,28.49175417,35.25633244,32.28214974,39.03210863,37.66383083,37.66383083,40.53270418,34.19029892,34.19029892,44.02320288,34.19029892,36.41011663,44.02320288,44.02320288,51.00846386,57.53099261,57.53099261,44.02320288,66.65956508,44.02320288,72.80096914,66.65956508,57.53099261,51.00846386,51.00846386,61.67395662,72.80096914,66.65956508,80.59758741,54.02349723,66.65956508,61.67395662,80.59758741,80.59758741,66.65956508,80.59758741,72.80096914,90.90372175,105.3276205,66.65956508,90.90372175,90.90372175,72.80096914,80.59758741,90.90372175,127.3508474,57.53099261,90.90372175,127.3508474,105.3276205,127.3508474,90.90372175,72.80096914,90.90372175,105.3276205,105.3276205,127.3508474,80.59758741,127.3508474,166.4263429,166.4263429,127.3508474,166.4263429,262.9673726,105.3276205,90.90372175,90.90372175,166.4263429,90.90372175,262.9673726,80.59758741,166.4263429,262.9673726,166.4263429,
闵行东区浴室,5.094807484,6.6859351,7.205200187,8.222338661,9.342156629,9.78103395,12.24059594,11.56881747,12.00594253,14.28119684,12.43683145,14.57194353,16.48592786,17.12594644,16.28565385,17.23878639,19.34115296,19.97410354,21.21844731,21.21844731,23.63350708,21.61106543,26.2110618,24.98211962,23.63350708,22.45418614,26.88502051,23.63350708,26.2110618,24.98211962,24.41992696,23.63350708,26.88502051,31.05055326,29.20024055,24.41992696,28.37410046,30.08967574,31.56073393,23.88850642,37.34289387,30.08967574,28.77971702,27.9825618,28.37410046,26.88502051,35.83335631,31.05055326,34.46845197,30.08967574,31.05055326,28.37410046,37.34289387,31.05055326,33.83350864,33.22718507,27.23870683,28.77971702,37.34289387,33.22718507,26.88502051,37.34289387,33.83350864,39.93763905,31.56073393,35.83335631,43.03940736,37.34289387,30.08967574,35.83335631,40.90784521,36.56854683,33.83350864,40.90784521,32.09253678,37.34289387,41.93959948,49.86856728,51.58569804,44.21475967,48.28830417,39.93763905,40.90784521,45.47433078,39.02330153,43.03940736,43.03940736,55.51500716,44.21475967,49.86856728,41.93959948,35.83335631,43.03940736,44.21475967,49.86856728,37.34289387,49.86856728,43.03940736,39.93763905,49.86856728,53.4597391,60.29571609,49.86856728,57.78132542,73.99246847,49.86856728,57.78132542,63.1047695,78.79645663,99.71074976,60.29571609,48.28830417,43.03940736,110.3892704,66.26803238,63.1047695,84.47080482,63.1047695,99.71074976,91.29926828,55.51500716,66.26803238,84.47080482,78.79645663,73.99246847,84.47080482,99.71074976,84.47080482,78.79645663,63.1047695,99.71074976,110.3892704,84.47080482,91.29926828,84.47080482,69.86297347,99.71074976,84.47080482,78.79645663,99.71074976,73.99246847,124.5049119,110.3892704,174.424168,91.29926828,110.3892704,144.2603874,69.86297347,174.424168
六期水控,9.17455541,10.76498715,11.20787677,11.93245193,11.73220632,11.69964834,12.70717074,12.3600573,14.38636571,13.2991717,12.78768115,15.20527963,14.33205572,16.0799302,14.38636571,16.60615535,17.99099935,17.09324168,16.764608,18.08740348,18.90832356,17.99099935,17.99099935,21.3017158,21.44944308,21.90854995,22.73164648,21.44944308,23.63722327,23.63722327,24.02559814,25.07108713,24.43043288,24.43043288,23.63722327,27.27813049,24.63937693,23.26426152,27.00873416,31.52764459,31.52764459,23.44887757,27.00873416,35.1231405,29.70647522,29.04917312,30.04942702,29.37320068,28.42726545,32.76373444,27.00873416,29.37320068,34.61731908,32.33830731,29.70647522,31.14108347,31.92650606,30.40251436,30.04942702,30.76622593,27.83779403,37.34876577,28.42726545,30.40251436,29.70647522,31.14108347,32.76373444,30.04942702,32.33830731,31.52764459,28.12864664,33.20352461,33.658471,32.76373444,34.12942832,31.14108347,28.73398819,33.658471,32.33830731,38.60210248,33.20352461,36.75945538,35.64797245,34.61731908,34.61731908,38.60210248,37.34876577,38.60210248,38.60210248,33.658471,38.60210248,37.34876577,34.61731908,40.69620849,36.75945538,37.96243014,39.26959536,40.69620849,45.90009368,40.69620849,43.1017,59.98377622,51.76940748,44.91742818,42.26078061,64.30337188,37.96243014,48.03848465,45.90009368,48.03848465,39.96689984,41.45994205,40.69620849,45.90009368,42.26078061,50.44651746,48.03848465,50.44651746,41.45994205,45.90009368,49.20548487,54.69822436,53.18316516,56.32674184,62.04920527,51.76940748,54.69822436,54.69822436,51.76940748,56.32674184,62.04920527,59.98377622,42.26078061,54.69822436,59.98377622,59.98377622,49.20548487,58.08297671,48.03848465,64.30337188,64.30337188,49.20548487,64.30337188,44.91742818,94.77932252,66.77552511,75.90477487,62.04920527,72.52594045
